id,image,name,team,edition,ability,firstNightReminder,otherNightReminder,reminders,remindersGlobal,firstNight,otherNight,flavor,note
allan_barbieontheclocktower123dgeewes,,엘런,townsfolk,barbie,당신과 이웃한 가장 가까운 켄들은 당신과 그들 사이에 악팀이 있지 않는 한 죽을 수 없습니다.,,,보호됨,,,,,
anotherken_barbieontheclocktower123dgeewes,,또 다른 켄,townsfolk,barbie,"게임 중 한번, 한 캐릭터를 골라 뜨거운 해변가에서의 승부를 벌입니다. 해당 참가자가 악팀이라면 사망하며, 선 참가자라면 당신이 사망합니다.","능력을 사용할지 물어보세요. 사용하길 원한다면, 참가자 한 명을 선택하도록 합니다. 다른 정보는 알려주지 마세요. 선한 참가자를 선택했다면, 그들은 밤에 죽습니다. 악한 참가자를 선택했다면, 그 악한 참가자가 밤에 죽습니다.","능력을 사용할지 물어보세요. 사용하길 원한다면, 참가자 한 명을 선택하도록 합니다. 다른 정보는 알려주지 마세요. 선한 참가자를 선택했다면, 그들은 밤에 죽습니다. 악한 참가자를 선택했다면, 그 악한 참가자가 밤에 죽습니다.
","해변가 승부, 능력 없음",,,,,
beach_barbieontheclocktower123dgeewes,,해변가,minion,barbie,매일 밤 참가자 한명을 고릅니다. 해당 참가자는 황혼까지 산만해집니다.,"참가자가 누군가를 선택하면 그 사람은 산만해집니다. 해당 참가자에게 산만함 토큰을 추가하세요.
","참가자가 누군가를 선택하면 그 사람은 산만해집니다. 해당 참가자에게 산만함 토큰을 추가하세요.
",산만함,,,,,
bratz_barbieontheclocktower123dgeewes,,브랫츠,minion,barbie,"매일 밤* 4명의 참가자를 고릅니다. 만약 네명 모두 다음 날 처형에 투표한다면, 넷 중 한명이 처형됩니다.",,"브라츠를 깨워서 4명의 참가자를 선택하도록 하세요. 알림으로 이 참가자들에게 ""선택된"" 브라츠 토큰을 놓으세요.
","선택됨, 선택됨, 선택됨, 선택됨, 투표함, 투표함, 투표함, 투표함, 처형됨",,,,,
colinfirth_barbieontheclocktower123dgeewes,,콜린 퍼스,,barbie,당신과 이웃하는 참가자 중 한명 또는 둘 다 산만해질 수 있습니다.,,,산만,,,,,
cripplinganxiety_barbieontheclocktower123dgeewes,,극심한 불안,,barbie,당신은 가부장제가 게임에 존재하는지 여부를 알고 게임을 시작합니다,예/아니오로 가부장제가 게임에 있는지 알려주세요,,,,,,,
deaththoughts_barbieontheclocktower123dgeewes,,떨쳐낼 수 없는 죽음에 대한 생각,,barbie,"매일 밤* 세 명까지 참가자를 고릅니다. 선택한 각 참가자별로 사회자는 동전을 던집니다. 앞면이 나올 경우 살고, 뒷면이 나올 경우 죽습니다.",,"""죽음""이 3명의 참가자를 선택하면 다시 잠들게 합니다. 스토리텔러는 비밀리에 (동전 던지기 등을 통해) 선택된 각 참가자의 생사를 결정합니다. 살아남는다면 죽음은 그 밤에 해당 참가자에게 아무 영향도 주지 않았던 것입니다.","선택됨, 승리, 승리, 승리, 패배, 패배, 패배",,,,,
diplomatbarbie_barbieontheclocktower123dgeewes,,외교관 바비,,barbie,"밤에 죽는다면 바비, 켄, 외지인, 하수인, 악마를 각각 한명씩 지명받습니다.",,"외교관 바비가 밤 단계에서 죽었다면, 그들을 깨우고 5개의 이름을 알려주세요. 이 이름들은 각각 바비, 켄, 아웃사이더, 하수인, 악마 중 하나입니다. 어떤 이름이 어떤 역할인지는 알려주지 마세요. 스토리텔러의 재량에 따라 죽은 참가자의 이름도 포함될 수 있습니다.
","바비, 켄, 외지인, 하수인, 악마",,,,,
gloria_barbieontheclocktower123dgeewes,,글로리아,,barbie,매일 밤*에 낮동안 살아있고 이웃한 참가자 두명과 모두 밀담을 나누었다면 해당 참가자들이 모두 마을주민인지 여부를 알게 됩니다.,,"글로리아가 낮 단계에서 자신의 살아있는 양 옆 이웃과 개별적으로 대화를 나눴다면, 글로리아를 깨우고 두 참가자가 모두 마을주민인지 여부를 예/아니오로 알려주세요.
",대화함,,,,,
helenmirren_barbieontheclocktower123dgeewes,,헬렌 미렌,,barbie,"매일 밤* 당신 이외의 참가자를 지명하고, 보호할지 처형할지 결정합니다. 타 참가자들은 이에 대해 투표를 진행하나, 보호인지 처형인지 여부는 모릅니다.
당신이 악마를 지명한다면, 악마는 당신이 누군지 알게 됩니다. 능력 발동이 3회 실패하면 당신은 죽습니다. (투표를 3회 실패하면)",,"참가자에게 능력을 사용할지 물어보세요. 사용하길 원한다면, 누구를 선택할지와 그 참가자를 처형할지 보호할지를 물어보세요. 스토리텔러는 그 후 다른 모든 참가자(죽은 캐릭터 포함)를 개별적으로 방문하여 단순히 그 참가자의 이름을 말하고 ""예/아니오"" 응답을 요청합니다. 과반수의 참가자가 ""예""라고 하면, 선택된 참가자는 원래 참가자의 결정에 따라 보호되거나 처형됩니다. 보호받은 경우, 다음날 해질녘까지 어떤 참가자도 그 참가자를 성공적으로 타겟팅할 수 없습니다. 보호된 경우 해당 참가자에게 ""보호됨"" 토큰을 추가하세요.
","실패 1, 실패 2, 실패 3, 보호됨, 처형됨",,,,,
internettroll_barbieontheclocktower123dgeewes,,인터넷 트롤,,barbie,매일 밤* 2명의 참가자를 고릅니다. 두 참가자 중 한명 또는 둘 다 상심합니다. 당신은 악 팀이 누군지 모르고 게임을 시작합니다.,,"트롤에게 2명의 참가자를 선택하도록 하세요. 스토리텔러는 (자신의 재량으로) 선택된 참가자들 중 한 명 또는 둘 모두에게 상심을 줄지 결정합니다. 한 명에게만 준다면, 누구에게 줄지도 결정합니다. 해당 참가자(들)에게 트롤 상심 토큰을 추가하세요.
",상심,,,,,
justken_barbieontheclocktower123dgeewes,,그냥 켄,,barbie,"양옆에 앉은 바비가 밤에 죽으면, 당신이 대신 죽을 수 있습니다. 고정관념적 바비가 살아있는 동안에는 당신이 처형될 수 없습니다. 고정관념적 바비가 밤에 사망하면, 당신은 자신이 누구인지 잊고 기억상실자가 됩니다.",,"고정관념적 바비가 밤 단계에서 죽었다면, ""그냥 켄""을 깨워서 그가 자신의 정체성을 잃고 기억상실자가 되었음을 알립니다. 직후 새로운 능력의 기억상실자로 취급합니다.",능력없음,,,,,
kenagain_barbieontheclocktower123dgeewes,,돌아온 켄,,barbie,매일 공개적으로 사랑 / 브로맨스를 3명의 참가자에게 선언합니다. 그날 밤 해당 참가자 중 몇명이 바비/켄이였는지 알게 됩니다.,,"켄을 깨우고 선택한 참가자들 중 몇 명이 바비/켄인지 알려주세요(1,2,3) - 그들이 바비 또는 켄 중 어느 쪽을 선언했는지 기억하세요.
","켄 선택됨, 바비 선택됨",,,,,
mattelceo_barbieontheclocktower123dgeewes,,마텔 CEO,,barbie,"당신은 선팀 마을주민으로 인식됩니다. 악마가 죽는다면 당신이 악마가 되며, 더이상 선팀으로 인식되지 않습니다.
당신이 악마가 된 이후로 처형이 발생되지 않을 시, 악팀이 승리합니다.",,,악마임,,,,,
midgesbaby_barbieontheclocktower123dgeewes,,밋지의 아기,,barbie,당신은 게임에 참가하지 않은 하수인이나 마을주민의 능력을 얻습니다. (초기 설정 불가),,,,,,,,
mojodojocasa_barbieontheclocktower123dgeewes,,모조 도조 카사 하우스,,barbie,당신이 사망한다면 살아있는 켄 중 한명은 상심합니다.,,,상심,,,,,
pregnantmidge_barbieontheclocktower123dgeewes,,임신한 밋지,,barbie,"다른 사람에게 지정될 경우 (지명, 능력 등) 당신은 출산하며, 밋지의 아기가 됩니다. 당신이 처형된다면 죽지 않으며, 그날 밤 밋지의 아기가 됩니다. 밋지의 아기는 당신을 지정한 캐릭터의 진영으로 태어납니다.",,"밋지가 낮 단계에서 처형 후보로 지명되었거나 밤 단계에서 다른 참가자에 의해 선택되었다면, 밋지를 깨우고 이제 ""아기""가 되었음을 알려주세요. 해당 참가자에게 ""아기"" 알림 토큰을 추가하세요. 밋지를 선택한 참가자의 진영에 따라 하수인이나 마을주민 역할을 부여하세요. 앞으로의 밤에는 새로운 능력에 따라 깨어날 것입니다. 임신한 밋지가 지명되거나 선택되지 않았다면, 밤에 깨우지 않습니다. 만약 악한 아기가 된다면, 악마를 깨워서 새로운 하수인이 생겼음을 알립니다. 악마는 새로운 하수인이 누구인지 모릅니다. 악한 아기는 악한 팀의 누구도 알지 못합니다.
",아기,,,,,
presidentbarbie_barbieontheclocktower123dgeewes,,대통령 바비,,barbie,매일 밤 어제와 다른 참가자를 고릅니다. 해당 참가자의 투표는 두배로 계산됩니다.,"이 참가자를 깨우고 참가자 한 명을 선택하도록 하세요(이전 밤에 선택했던 참가자와 달라야 합니다). 선택된 참가자에게 ""투표권 x2"" 알림 토큰을 추가하세요.
","이 참가자를 깨우고 참가자 한 명을 선택하도록 하세요(이전 밤에 선택했던 참가자와 달라야 합니다). 선택된 참가자에게 ""투표권 x2"" 알림 토큰을 추가하세요.
",투표권 x2,,,,,
ruthhandler_barbieontheclocktower123dgeewes,,루스 핸들러,,barbie,게임 내 몇명의 바비가 있는지 알고 게임을 시작합니다.,"참가자에게 게임에 등장하는 ""바비"" 캐릭터의 수를 알려주세요(임신한 미지 포함)
",,,,,,,
stereotypicalb_barbieontheclocktower123dgeewes,,고정관념적 바비,,barbie,매일 밤* 참가자를 고릅니다. 선택한 참가자의 살아있는 이웃 중 그 참가자의 캐릭터와 같은 타입이 몇명인지 알게 됩니다.,"참가자 한 명을 선택하도록 하세요. 선택된 참가자의 옆자리에 같은 캐릭터 유형(마을주민/아웃사이더/하수인/악마)의 참가자가 0, 1, 2명 앉아있는지 알려주세요.
","참가자 한 명을 선택하도록 하세요. 선택된 참가자의 옆자리에 같은 캐릭터 유형(마을주민/아웃사이더/하수인/악마)의 참가자가 0, 1, 2명 앉아있는지 알려주세요.
","생존, 선택됨",,,,,
sugar_barbieontheclocktower123dgeewes,,슈가,,barbie,"악팀은 게임 당 한번 슈가가 누군지 선언할 수 있습니다. 만약 악이 성공적으로 선언한다면, 악팀은 이깁니다.
만약 슈가대디가 맞춘다면, 선 팀이 이깁니다. 당신이 죽는다면 다른 참가자가 슈가가 되며, 해당 참가자는 산만해집니다.
악팀은 당신이 게임에 포함되었는지 여부를 알지 못하고 시작합니다 [+1 슈가대디]",,,슈가임,,,,,
sugarsdaddy_barbieontheclocktower123dgeewes,,슈가대디,,barbie,"게임 중 한번, 한 캐릭터를 고릅니다. 해당 참가자가 슈가라면 당신의 팀은 승리합니다. 당신은 슈가가 될 수 없습니다. (+1 슈가)",,,"선택됨, 능력없음",,,,,
thepatriarchy_barbieontheclocktower123dgeewes,,가부장제,,barbie,"매일 밤* 참가자 한명을 고릅니다. 해당 참가자는 사망합니다.
투표를 진행할 때 켄의 투표가 과반수를 차지한다면 악팀이 승리합니다. 이 능력은 5명 미만의 참가자만 살아있을 시 사라집니다 [+1 켄]",,"가부장제를 깨워서 누구를 죽일지 물어보세요. 그 참가자는 죽습니다.
","투표함, 투표함, 투표함, 투표함, 투표함, 투표함, 투표함, 투표함, 투표함, 투표함",,,,,
theportal_barbieontheclocktower123dgeewes,,포탈,,barbie,"매일 밤 두명의 참가자를 선택합니다. 둘 중 한명이 외지인이라면, 두 참가자는 서로 역할을 바꿉니다 [+1 외지인]","2명의 참가자를 선택하세요. 선택된 참가자 중 한 명이 아웃사이더라면, 스토리텔러는 그 참가자들의 역할을 바꿉니다. 포털은 자신이 성공적으로 바꾸었는지 알지 못합니다.","2명의 참가자를 선택하세요. 선택된 참가자 중 한 명이 아웃사이더라면, 스토리텔러는 그 참가자들의 역할을 바꿉니다. 포털은 자신이 성공적으로 바꾸었는지 알지 못합니다.
",선택됨,,,,,
therealworld_barbieontheclocktower123dgeewes,,현실 세계,,barbie,"사회자 재량으로 모든 죽음을 결정합니다. 모든 하수인은 '현실 세계'로 취급되며, 선팀의 승리 조건은 '모든 현실세계의 사망'으로 바뀝니다 [+1 하수인]",,"누군가를 죽이기 위해 참가자를 선택하세요. 어떤 캐릭터도 깨울 필요가 없습니다. 현재 생존해 있는 ""리얼 월드"" 수만큼 최대 참가자를 죽일 수 있습니다. 죽을 참가자의 수와 누가 죽을지는 스토리텔러의 재량입니다.","현실 세계, 현실 세계, 현실 세계, 현실 세계",,,,,
weirdbarbie_barbieontheclocktower123dgeewes,,이상한 바비,,barbie,"당신이 살아있는 한, 모든 바비의 능력은 제대로 작동합니다. (제대로 작동하면 안되더라도)",,,"생존, 능력 없음",,,,,
po,,포,demon,bmr,"매일 밤*, 참가자 한 명을 선택해 죽일 수 있습니다. 지난 밤에 아무도 선택하지 않았다면, 오늘 밤 세 명을 선택해 죽일 수 있습니다.",,"포가 전날 밤에 아무도 선택하지 않았다면: 포가 세 명의 참가자를 가리킵니다. 그렇지 않다면: 포가 '아니오' 머리 신호를 보이거나, 참가자를 가리킵니다. 선택된 참가자들은 죽습니다.","사망, 사망, 사망, 3번 공격",,,,"꽃 한송이 줄테니까, 나랑 있어주면 안될까...?",
pukka,,푸카,demon,bmr,"매일 밤, 참가자 한 명을 선택해 중독시킵니다. 이전에 당신에게 중독된 참가자는 사망하고, 중독이 풀립니다.",푸카가 참가자를 가리킵니다. 그 참가자는 중독됩니다.,푸카가 참가자를 가리킵니다. 그 참가자는 중독됩니다. 이전에 중독된 참가자는 죽습니다.,"중독, 중독, 사망",,,,"이렇게 아름다운 집에 저를 친절히 맞아주시다니 정말 감사합니다. 아 방금 실수로 긁어서 정말 죄송합니다만, 작은 상처일 뿐이니 걱정 마세요. 이 금으로 만든 이쑤시개를 제 사과의 의미로 받아주시겠어요?",
shabaloth,,샤발로스,demon,bmr,"매일 밤*, 2명의 참가자를 선택해 삼켜 죽입니다. 어젯밤에 죽인 참가자 중 한 명이 토해져 다시 살아날 수도 있습니다.",,샤발로스가 전날 밤에 선택한 참가자 한 명이 부활할 수 있습니다. 샤발로스가 두 명의 참가자를 가리킵니다. 그 참가자들은 죽습니다.,"사망, 사망, 생존",,,,블라르그 프타아그 늠 마타안! 노 쇼 굼타 음시크 나 유우. 플루우르그 흐-시크크.,
zombuul,,좀부울,demon,bmr,"매일 밤*, 낮에 아무도 죽지 않았다면 한 명을 선택해 죽입니다. 당신은 처음 죽을 때, 살아있지만 죽은 것으로 간주됩니다.",,낮 동안 아무도 죽지 않았다면: 좀부울이 참가자를 가리킵니다. 그 참가자는 죽습니다.,"오늘 사망, 사망",,,,나는... 이해할 수... 없다... 너희들을... 인간이여... 보여다오... 거룩한 자들이... 잠든... 그 땅을... 나도... 영원한 잠에... 들어야... 한다... 지금...,
assassin,,암살자,minion,bmr,"게임당 한 번, 밤에* 참가자 한 명을 선택할 수 있습니다. 어떤 보호 능력이 있더라도 그 참가자는 반드시 죽습니다.",,암살자가 아직 능력을 사용하지 않았다면: 암살자는 '아니오' 머리 신호를 보이거나 참가자를 가리킵니다. 그 참가자는 죽습니다.,"사망, 능력 없음",,,,...,
devilsadvocate,,악마의 대변인,minion,bmr,"매일 밤, 살아있는 참가자 1명(어제와 다른)을 선택합니다. 그는 내일 처형되더라도 죽지 않습니다.",악마의 대변인이 살아있는 참가자를 가리킵니다. 그 참가자는 내일 처형에서 살아남습니다.,악마의 대변인이 살아있는 참가자를 가리킵니다(전날 밤과 다른 사람). 그 참가자는 내일 처형에서 살아남습니다.,처형에서 생존,,,,"재판장님, 제 이의가 받아들여지지 않더라도 의뢰인의 무죄는 분명합니다. 검찰 측이 동사 활용에 관한 법령 27조 B항을 위반했으니까요. 어젯밤 배심원 아홉 명의 죽음은 일견 명백한 증거로 보일 것입니다. 하지만 윌스와 툴레의 역사적인 판결이 입증했듯이, 이처럼 자명해 보이는 증거야말로 제 의뢰인의 무죄를 방증하는 것이지요.",
godfather,,대부,minion,bmr,"현재 어떤 외지인들이 게임에 참여 중인지 알고 시작합니다. 만약 낮에 외지인이 죽으면, 그날 밤 한 명을 선택해 죽일 수 있습니다. [외지인 -1 또는 +1]",게임에 있는 각 외지인 토큰을 보여줍니다.,오늘 외지인이 죽었다면: 대부가 참가자를 가리킵니다. 그 참가자는 죽습니다.,"오늘 사망, 사망",,,,"보통은 그저 일일 뿐이지. 하지만 네가 내 딸을 모욕했다는 건, 곧 나를 모욕한 거야. 그리고 나를 모욕한다는 건, 우리 가문 전체를 모욕하는 거지. 좀 더 조심했어야지. 불운한 사고라도 당하면 안타까울 텐데 말이야.",
mastermind,,배후인물,minion,bmr,"악마가 처형으로 죽어도(게임의 종료), 하루를 더 진행합니다. 낮에 1명이 처형된다면, 처형된 사람의 진영이 패배합니다. ",,,,,,,괴물의 촉수가 교회 대문에 못박혔다. 어머니와 아이들이 거리에서 춤추고 있다. 완벽해. 모든 것이 내 계획대로 진행되고 있다.,
goon,,깡패,outsider,bmr,"매일 밤, 자신의 능력으로 당신을 선택하는 첫 번째 참가자는 내일 낮까지 취하며, 당신은 그 사람의 진영이 됩니다.",,,취함,,,,"예, 형님. 그 녀석한테 확실히 말해줬습죠. 더는 설명 안 해도 될 만큼이요. 아이고 형님, 의사고 뭐고 필요 없습니다. 그냥 칼에 찔린 것뿐인데요 뭐. 내일 아침이면 멀쩡할 겁니다요.",
lunatic,,미치광이,outsider,bmr,"당신은 자신이 악마라고 생각하지만, 그렇지 않습니다. 진짜 악마는 당신이 누구인지 알고, 당신이 밤에 누구를 선택하는 지 알고 있습니다.",7명 이상의 참가자가 있을 경우: 미치광이에게 게임 내 하수인 수와 동일한 수의 임의의 '하수인' 참가자들을 보여줍니다. 임의의 선한 캐릭터 토큰 3개도 보여줍니다. 만약 미치광이가 받은 토큰이 오늘 밤 깨어날 악마라면: 미치광이가 악마의 행동을 수행하도록 허용합니다. 미치광이의 '공격' 표시를 배치합니다. 진짜 악마를 깨웁니다. 악마에게 자신의 실제 캐릭터 토큰을 보여줍니다. 악마에게 미치광이 참가자가 누구인지 보여줍니다. 만약 미치광이가 참가자들을 공격했다면: 진짜 악마에게 표시된 각 참가자를 보여줍니다. 미치광이의 '공격' 표시를 모두 제거합니다.,"미치광이가 악마의 행동을 수행하도록 허용합니다. 미치광이의 '공격' 표시를 배치합니다. 만약 미치광이가 참가자들을 선택했다면: 진짜 악마를 깨웁니다. '공격' 표시를 보여준 다음, 표시된 각 참가자를 가리킵니다. 미치광이의 '공격' 표시를 모두 제거합니다.","공격1, 공격2, 공격3",,,,나는 어둠의 화신이다... 아마도.,
moonchild,,달의 아이,outsider,bmr,"자신이 죽었다는 사실을 알게 되면, 공개적으로 살아있는 참가자 1명을 선택합니다. 그가 선한 참가자라면, 오늘 밤 그는 죽습니다.",,"달의 아이가 오늘 능력을 사용해 참가자를 지명했다면: 그 참가자가 선하다면, 그들은 죽습니다.",사망,,,,"전갈자리가 연인들을 바라보니, 이제 선택의 시간이 왔구나. 내 손바닥에 은화를 얹으면 너의 운명을 밝혀주리라. 하지만 내 목에 검을 겨누면, 별들이 증인이 되어 너는 후회하게 되리라.",
tinker,,땜장이,outsider,bmr,당신은 언제든지 이유 없이 죽을 수 있습니다.,,땜장이가 죽을 수 있습니다.,사망,,,,문제가 뭔지 알 것 같아. 다행히 좋은 생각이 났어! 이 투석기를 살짝만 손보면 지금보다 두 배는 더 멀리 쏠 수 있을 텐데...,
chambermaid,,하녀,townsfolk,bmr,"매일 밤, 살아있는 참가자 2명(본인 제외)을 선택합니다. 그 중 몇 명이 그날 밤, 그들 자신의 능력으로 인해 일어났는지 알 수 있습니다.","하녀가 두 명의 참가자를 가리킵니다. 오늘 밤 그들의 능력으로 깨어난 참가자 수에 대한 숫자 신호(0, 1, 2, ...)를 보여줍니다.","하녀가 두 명의 참가자를 가리킵니다. 오늘 밤 그들의 능력으로 깨어난 참가자 수에 대한 숫자 신호(0, 1, 2, ...)를 보여줍니다.",,,,,"귀부인, 전 수상한 건 아무것도 보지 못했어요. 다만 감히 하나 말씀드리자면... 설령 제가 뭔가를 보았다 하더라도, 그게 어젯밤 열한시 무렵 주인님께서 교수님의 실험실에 몰래 들어가 수상한 물약을 제조하시는 장면이었을 리가 없지요. 물론... 귀부인께서 말씀하신 바로 그 일 말입니다.",
courtier,,궁정귀족,townsfolk,bmr,"게임당 한 번, 밤에 캐릭터를 선택할 수 있습니다. 해당 캐릭터는 그날 밤을 시작으로, 3번의 밤과 3번의 낮 동안 취합니다.","궁정 귀족은 '아니오' 머리 신호를 보이거나 시트의 캐릭터를 가리킵니다. 궁정 귀족이 능력을 사용했다면: 그 캐릭터가 게임에 있다면, 그 참가자는 술에 취합니다.","표시된 참가자가 중독된 남은 일수를 줄입니다. 궁정 귀족이 아직 능력을 사용하지 않았다면: 궁정 귀족은 '아니오' 머리 신호를 보이거나 시트의 캐릭터를 가리킵니다. 궁정 귀족이 능력을 사용했다면: 그 캐릭터가 게임에 있다면, 그 참가자는 술에 취합니다.","취함 3, 취함 2, 취함 1, 능력 없음",,,,"양 백 마리를 이끄는 사자 한 마리가, 사자 백 마리를 이끄는 양 한 마리보다 더 두렵다.",
exorcist,,구마사제,townsfolk,bmr,"매일 밤*, 어제와 다른 참가자 한 명을 선택합니다. 만약 악마가 선택되면, 악마는 당신의 정체를 알게 되고 오늘 밤 깨어날 수 없습니다. ",,퇴마사가 참가자를 가리킵니다(전날 밤과 다른 사람). 그 참가자가 악마라면: 악마를 깨웁니다. 퇴마사 토큰을 보여줍니다. 퇴마사를 가리킵니다. 악마는 오늘 밤 행동하지 않습니다.,선택,,,,"주 예수 그리스도의 이름과 권능으로 모든 불순한 영혼들과 사탄의 힘, 지옥의 적들과 그들의 군단, 모든 악마의 집단과 교단을 이 자리에서 추방하노라! 너희들에게 명하노니, 하나님의 교회와, 그분의 모습으로 창조되어 거룩한 어린양의 피로 구원받은 영혼들로부터 사라질지어다!",
fool,,어릿광대,townsfolk,bmr,"당신은 처음 죽을 때, 죽지 않습니다.",,,능력 없음,,,,그러자 폐하께서 '뭐라고?! 나는 크림 대포는커녕 고무 바지 한 벌도 가져본 적이 없다니까!' 하시는 거예요. 호호! 정말 즐거운 날이에요!,
gambler,,도박사,townsfolk,bmr,"매일 밤*, 참가자 1명을 선택하고 그의 캐릭터를 추측합니다. 추측이 틀리면, 당신은 죽습니다.",,"도박사가 참가자를 가리키고, 자신의 시트에서 캐릭터를 가리킵니다. 틀렸다면, 도박사가 죽습니다.",사망,,,,"앞면이 나오면 내가 이기고, 뒷면이 나오면 네가 진다.",
gossip,,험담꾼,townsfolk,bmr,"매일 낮, 공개 발언을 하나 할 수 있습니다. 만약 그 발언이 해당 시점에 사실이었다면, 오늘 밤 한명의 참가자가 죽습니다.",,험담꾼의 공개 성명이 사실이었다면: 오늘 밤 죽음으로부터 보호받지 않은 참가자 한 명을 선택합니다. 그 참가자는 죽습니다.,사망,,,,이러쿵저러쿵 어쩌고저쩌고 어쩌구저쩌구 우째구저째구 워쩌구저쩌구 어찌고저찌고. 어쩌고.,
grandmother,,할머니,townsfolk,bmr,"당신은 선한 참가자 한 명과 그의 캐릭터를 알고 시작합니다. 악마가 그 참가자를 죽이면, 당신도 함께 죽습니다.",표시된 캐릭터 토큰을 보여줍니다. 표시된 참가자를 가리킵니다.,할머니의 손주가 오늘 밤 악마에 의해 죽었다면: 할머니도 죽습니다.,손주,,,,"밖에 나갈 때는 외투 꼭 걸치고 가거라. 보온병도 챙기고, 목도리도 하고. 이 할미는 심장이 약하단다. 네가 감기라도 걸리거나... 더 큰 일이라도 생기면 어쩌면 좋으랴...",
innkeeper,,여관주인,townsfolk,bmr,"매일 밤*, 2명의 참가자를 선택합니다. 그들은 오늘 밤 죽지 않지만, 그 중 한명은 내일 낮까지 술에 취합니다.",,이전에 보호받고 술에 취했던 참가자들은 그 표시를 잃습니다. 여관주인이 두 명의 참가자를 가리킵니다. 그 참가자들은 보호받습니다. 한 명은 술에 취합니다.,"보호, 취함",,,,"어서 들어오시게나, 반가운 나그네여. 지친 몸을 쉬어가시오. 술도 마시고 즐기시게. 오늘 밤만큼은 어둠의 무리들이 당신을 괴롭히지 못할 테니.",
minstrel,,음유시인,townsfolk,bmr,"하수인이 처형으로 죽는다면, 여행자를 제외한 다른 모든 참가자들은 내일 낮까지 술에 취합니다.",,,모두 취함,,,,"내 무덤 위를 조용히 걷는 네 발자국 소리가 들릴 거야... 그리고 내 모든 꿈은 더욱 따뜻하고 달콤해질 거야... 네가 몸을 숙여 나를 사랑한다고 말해줄 테니... 난 그저 평화롭게 잠들어 있을게, 네가 올 때까지...",
pacifist,,평화주의자,townsfolk,bmr,"처형되는 참가자가 선하다면, 죽지 않을 수 있습니다. ",,,,,,,처벌하려는 욕망이 강한 자를 결코 믿지 마십시오.,
professor,,교수,townsfolk,bmr,"게임당 한 번, 밤에* 죽은 사람 하나를 선택할 수 있습니다. 그 사람이 마을 주민이라면 되살아납니다.",,"교수가 아직 능력을 사용하지 않았다면: 교수가 고개를 아니오로 젓거나, 참가자를 가리킵니다. 그 참가자가 마을 주민이라면, 그들은 이제 살아있습니다.","생존, 능력 없음",,,,"간단한 과정이에요. 수압 주입기를 개량된 기운 증폭장치에 연결하고, 특수 약물을 20CC 주입한 뒤, 생명력 수치를 20% 이상으로 유지하면 당신의 남편은 회복될 겁니다. 이제 우리에게 필요한 건 번개의 힘뿐이죠.",
sailor,,선원,townsfolk,bmr,"매일 밤, 살아있는 참가자 1명을 선택합니다. 오늘 밤부터 내일 낮까지 둘 중 한 명은 취합니다. 당신은 죽지 않습니다.",선원이 살아있는 참가자를 가리킵니다. 선원이나 선택된 참가자 중 하나가 술에 취합니다.,이전에 술에 취했던 참가자는 더 이상 술에 취하지 않습니다. 선원이 살아있는 참가자를 가리킵니다. 선원이나 선택된 참가자 중 하나가 술에 취합니다.,취함,,,,누구라도 좋으니 덤벼보시지! 이봐 수다쟁이! 이 몸과 한판 붙어볼 배짱은 있나? 없다고? 그럼 할매는 어떠신가? 올드 맥킬리표 특제 향신료 럼이란 걸 들어는 보셨나? 이거 한 잔이면 털보 사내가 된다니까! 배에 올라타시라!,
tealady,,찻집여인,townsfolk,bmr,"당신과 이웃한 살아있는 참가자 2명이 모두 선하다면, 그들은 죽지 않습니다.",,,사망 불가,,,,"차가운 이를 온화하게 해주고, 분노한 이를 진정시키며, 우울한 이를 기쁘게 하고, 들뜬 마음을 가라앉혀주는 것이 바로 차의 힘이지요.",
apprentice,,견습생,traveler,bmr,첫 번째 밤에 당신은 마을 주민 능력(선한 경우) 또는 하수인 능력(악한 경우)을 얻습니다.,"견습생에게 '당신은' 카드를 보여준 다음, 마을 주민 또는 하수인 토큰을 보여줍니다. 그리모어에서 견습생 토큰을 해당 캐릭터 토큰으로 교체하고, 견습생의 '견습생임' 리마인더를 해당 캐릭터 토큰 옆에 놓습니다.",,견습생임,,,,,
bishop,,주교,traveler,bmr,오직 이야기꾼만이 지명할 수 있습니다. 매일 최소 1명의 반대 진영 참가자가 지명되어야 합니다.,,,"선한 자 지명,악한 자 지명",,,,,
basilisk_hp2_1,,바실리스크,minion,hp,"매일 밤 참가자 한 명을 선택할 수 있습니다. 선택된 참가자가 자신의 능력으로 그날 밤에 깨어날 예정이었다면 죽고, 깨어나지 않았다면 당신이 살아있는 동안 깨어날 수 없게 됩니다. 깨어날 때마다 이 사실을 알게 됩니다. 선택한 참가자가 해리 포터라면 대신 당신이 죽습니다.",,깨워서 참가자를 선택하게 합니다.,"석화됨, 죽음",,,,"바실리스크의 시선은 치명적이며, 그 눈빛과 마주친 모든 이는 즉시 죽음을 맞이하리라.",
bellatrix_hp2_1,,벨라트릭스,minion,hp,"2일차 밤 이후, 지명 전에 벨라트릭스라고 주장할 수 있습니다. 주장하면 선한 참가자 한 명이 어떤 이유로든 죽지 않을 상황이어도 죽습니다. 처형당할 때 다른 생존한 악의 세력이 모두 투표하지 않으면 죽지 않습니다.",,,,,,,시리우스 블랙을 내가 죽였다!,
dobby_hp2_1,,도비,outsider,hp,"주인이 될 참가자를 선택하고 시작합니다. 주인이 죽을 위험에 처하면 대신 당신이 죽습니다. 주인은 이야기꾼에게 가서 당신을 자유롭게 해줄 수 있고, 자유가 되면 밤에 다시 이 능력을 사용할 수 있습니다.","깨워서 주인으로 삼을 참가자를 선택하게 합니다.
","도비가 자유의 몸이라면 깨웁니다.
","주인, 자유",,,,주인님이 도비에게 양말을 주셨어요. 도비는 이제 자유로운 집요정이에요!,
dobbybellatrix_hp2_1,,도비와 벨라트릭스,jinxes,hp,"벨라트릭스의 능력으로 죽을 예정인 참가자가 도비의 주인이라면, 대신 도비가 죽습니다. 도비가 자유의 몸이라면 선택된 참가자 대신 죽을지 선택할 수 있습니다.",,,,,,,,
dracomalfoy_hp2_1,,드레이코 말포이,outsider,hp,악으로 시작합니다. 매일 밤 루시우스 말포이와 해리 포터 중 살아있는 사람은 당신이 누구인지 추측할 수 있습니다. 먼저 맞힌 사람의 진영으로 영구적으로 바뀝니다. 루시우스가 먼저 추측합니다.,"드레이코가 이미 정체가 밝혀졌더라도, 루시우스(생존 시)를 먼저 깨우고 그 다음 해리(생존 시)를 깨웁니다.","드레이코가 이미 정체가 밝혀졌더라도, 루시우스(생존 시)를 먼저 깨우고 그 다음 해리(생존 시)를 깨웁니다.",포섭됨,,,,"엄마가 몰래 엿듣는 건 무례하다고 안 가르치셨나 보네, 포터?",
dumbledore_hp2_1,,덤블도어,townsfolk,hp,"밤에 죽으면 참가자 한 명을 선택할 수 있고, 선택된 참가자는 당신의 정체를 알게 됩니다. 선택된 참가자가 악의 세력이라면 내일 낮과 밤까지 취한 상태가 됩니다.",,"죽임을 당했다면 깨워서 참가자 선택을 요청합니다.
",오늘 죽음,취함,,,"호기심은 죄가 아니란다. 하지만 우리는 호기심을 다룰 때 신중해야 한단다. 그래, 정말로.",
fawkes_hp2_1,,폭스,townsfolk,hp,당신의 이웃은 중독되지 않습니다. 밤에 죽으면 당신을 죽인 참가자의 직업 유형을 알 수 있고 다음 날 밤이 시작되면 부활합니다. 부활 후 능력을 잃습니다.,,죽임을 당했다면 깨워서 죽인 사람의 직업 유형을 보여줍니다. 다음 날 밤에 부활시킵니다.,"오늘 밤 부활, 부활 완료",,,,며칠 째 끔찍한 모습이었어. 얼른 부활하라고 계속 말했다고.,
grindelwald_hp2_1,,그린델왈드,minion,hp,"매일 밤* 죽은 사람을 선택해서 그 사람의 능력을 사용할 수 있습니다. 어둠의 왕이 처형되더라도 하룻밤 더 진행합니다. 밤에 어둠의 왕을 선택하면, 새 어둠의 왕이 되며 죽음은 이야기꾼이 정합니다.",,깨워서 죽은 참가자 중 한 명을 선택하게 합니다.,능력 탈취,,,,마법은 오직 특별한 영혼에서만 피어나지... 하지만 우린 여전히 그림자 속에 숨어있어야 해. 옛 방식은 더 이상 우리에게 도움이 되지 않아.,
hagrid_hp2_1,,해그리드,townsfolk,hp,"매일 밤 참가자 한 명을 선택하여 론, 헤르미온느, 해리인지 알게됩니다. 만약 셋 중 하나라면 호크룩스를 가지고 있는지도 알게됩니다. (1 = 있음, 0 = 없음)","깨워서 참가자 한 명을 선택하게 합니다.
",깨워서 참가자 한 명을 선택하게 합니다.,해그리드 방문함,,,,"폭풍이 다가오고 있다, 해리. 그때를 위해 우리 모두 준비하고 있어야 해.",
harrypotter_hp2_1,,해리 포터,townsfolk,hp,"어둠의 왕에 의해 처음으로 죽게될 때, 죽지 않고 모든 악의 세력이 다음날까지 취한 상태가 됩니다. 어둠의 왕은 당신이 게임에 참여하고 있다는 것을 압니다. [+1 호크룩스]","볼드모트 경을 깨워 해리 포터에 대해 알립니다.
",,"살아남음, 어둠의 왕 약해짐",,,,살아남은 아이,
hermione_hp2_1,,헤르미온느,townsfolk,hp,"참가자 한 명을 선택하여 마을 주민, 외지인, 하수인 중 하나임을 알고 게임을 시작합니다. 어둠의 왕은 마을 주민으로 보입니다. 낮에 누군가의 발언을 공개적으로 정정하면 이야기꾼이 그날 밤 추가 능력 사용 기회를 줄 수 있습니다.","깨워서 어떤 참가자를 선택할지 물어보고, 직업 유형을 보여줍니다.",누군가의 말을 정정했다면: 깨워서 어떤 참가자를 선택할지 물어보고 그 직업 유형을 보여줍니다.,정정함,,,,"너희 둘이 괜찮다면, 난 이만 자러 갈게. 너희가 또 우리를 죽일 뻔한 멋진 아이디어를 내거나 - 더 최악인 퇴학당하게 되기 전에.",
lockhart_hp2_1,,록하트,outsider,hp,마을 주민이라고 착각하고 있습니다. 낮에 능력을 사용했다고 주장하거나 시도하면 처형 당할 수 있습니다. 거짓말이더라도 마찬가지입니다.,,,,록하트임,,,"어, 중요한 건, 어, 이제 전혀 아프지 않다는 거예요. 그리고 아주 분명히, 뼈는 부러지지 않았어요.",
lordvoldemort_hp2_1,,볼드모트 경,demon,hp,"매일 밤*, 한 명을 선택해 죽입니다. (기본 하수인 수 - 1)만큼 선한 참가자들이 호크룩스를 갖고, 어둠의 왕은 누가 가졌는지 알고 시작합니다. 어둠의 왕은 모든 호크룩스가 파괴되어야 죽을 수 있습니다. 호크룩스를 가진 선한 참가자가 죽거나 처형되면 호크룩스가 대신 파괴됩니다. [내기니 추가]",깨워서 호크룩스를 소지한 모든 참가자를 알려줍니다.,깨워서 누군가를 죽이게 합니다.,호크룩스,,,,나는 불멸로 가는 길을 그 누구보다 멀리 걸어왔다...,
luciusmalfoy_hp2_1,,루시우스 말포이,minion,hp,"모든 능력에 거짓으로 간주될 수 있습니다. [+1 외지인, +1 드레이코 말포이]",,,,,,,"자, 자 드레이코. 얌전히 굴도록 해.",
lunalovegood_hp2_1,,루나 러브굿,townsfolk,hp,매일 낮에 이야기꾼을 찾아가면 참가자 두 명을 알게 됩니다. 그 중 한 명은 이야기꾼이 생각하기에 어제 낮/밤동안 선한 팀에 가장 긍정적인 영향을 준 참가자입니다.,,"그리모어에 통찰력 토큰으로 표시합니다.
",통찰력,,,,몽유병이 있어요. 그래서 잠잘 때도 신발을 신고 자는 거예요.,
madeyemoody_hp2_1,,매드아이 무디,townsfolk,hp,"매일 어제와 다른 참가자를 악하다고 광적으로 설득한다면, 그날 밤 그 참가자의 진영을 알 수도 있습니다.",,광기 조건을 충족했다면 깨워서 무디가 선택했던 참가자의 진영을 알려줍니다.,무디의 시선,,,,밤 산책만큼... 아이디어를 떠오르게 하는 건 없지.,
mcgonagall_hp2_1,,맥고나걸,townsfolk,hp,"매일 밤, 마을 주민 직업 하나를 선택할 수 있습니다. 그날 밤에만 그 직업의 능력을 얻습니다. 만약 선택한 마을 주민이 게임에 참가중이라면 그 마을주민은 당신이 죽을 때까지 취한 상태가 됩니다. (중복 직업 선택 불가)","깨워서 능력을 사용할지 묻고, 사용한다면 어떤 직업을 선택할지 물어봅니다. 게임에 있는 선택된 직업은 '징계' 상태로 표시합니다.","깨워서 능력을 사용할지 묻고, 사용한다면 어떤 직업을 선택할지 물어봅니다. 게임에 있는 선택된 직업은 '징계' 상태로 표시합니다.",징계,,,,"말포이 군, 제 말을 정확히 들었을 겁니다. 의도가 고귀했다 해도, 당신도 취침 시간 이후에 돌아다녔죠. 반 친구들과 함께 징계를 받게 될 겁니다.",
nagini_hp2_1,,내기니,minion,hp,호크룩스를 가지고 시작합니다. 매일 밤 참가자 한 명을 선택해 그날 밤부터 다음 날 낮까지 중독시킵니다. 네빌을 선택하면 네빌은 이 사실을 알게 됩니다.,누구를 먼저 중독시킬지 선택하게 합니다.,누구를 중독시킬지 선택하게 합니다. 네빌이 내기니에게 선택되었다면 알려줍니다(여전히 중독 상태가 됩니다).,,,,,"볼드모트의 뱀 알지, 네빌? 거대한 뱀이 있어... 내기니라고 부르지... 반드시 죽여야 해.",
neville_hp2_1,,네빌 롱바텀,townsfolk,hp,"게임 중 한 번, 낮에 공개적으로 참가자 한 명을 선택할 수 있습니다. 선택된 참가자가 하수인이라면 죽습니다.",,,능력 없음,,,,사람들은 매일 죽어가... 하지만 여전히 우리와 함께 있어... 바로 여기.,
newtscamander_hp2_1,,뉴트 스캐맨더,traveler,hp,게임 시작 시 이야기꾼을 찾아가 마법 생물에 대해 이야기를 나눕니다. 이야기꾼은 그 마법 생물을 바탕으로 능력을 부여합니다.,,,,,,,"유니콘의 뿔과 피, 그리고 털은 모두 강력한 마법적 특성을 지니고 있지.",
remuslupin_hp2_1,,리무스 루핀,townsfolk,hp,"매일 밤* 생존자 중 한 명을 선택합니다. 선하다면 그 참가자는 내일 밤에 죽고, 악하다면 당신은 그날 밤 취한 상태가 됩니다. 당신의 능력으로 인해 누군가가 죽는 밤에는 다른 참가자들은 죽을 수 없습니다.",깨워서 참가자를 선택하게 합니다.,깨워서 참가자를 선택하게 합니다. 이전에 선택된 참가자가 선한 사람이면 죽습니다. 오늘 밤에는 이 참가자만 죽을 수 있습니다.,"선택, 취함",,,,"매일 사람들이 사라지고 있어. 우리가 서로 싸우기 시작하면, 우린 끝장이야.",
ronweasley_hp2_1,,론 위즐리,townsfolk,hp,매일 밤 악의 세력이 선택한 참가자 한 명을 알 수 있습니다.,깨워서 오늘 밤 악의 세력이 선택한 참가자를 알려줍니다.,깨워서 오늘 밤 악의 세력이 선택한 참가자를 알려줍니다.,확인함,,,,흰색말이 먼저 움직이지. 그리고 나서... 우리가 움직이는 거야.,
scabbers_hp2_1,,스캐버스,outsider,hp,매일 낮 자신을 제외한 생존자 중 한 명의 선한 역할을 공개적으로 추측해야 합니다. 틀리면 마지막으로 추측했던 선한 생존자는 스캐버스가 다시 추측할 때까지 취한 상태가 될 수 있습니다. 모든 생존자를 추측하면 스캐버스는 영구적으로 취한 상태가 됩니다. 이 능력은 죽어도 계속됩니다.,,,"배신당함, 취함",,,,나는 엄숙히 맹세합니다. 나는 절대 좋은 일을 하지 않을 것이다.,
siriusblack_hp2_1,,시리우스 블랙,townsfolk,hp,"인간 형태로 시작합니다. 매일 밤 취함/중독 상태더라도 애니마구스로 변신할 수 있지만, 다시 인간이 될 순 없습니다. 애니마구스일 땐 처형으로만 죽습니다. 인간일 때 밤에 죽으면 참가자 두 명을 선택하고, 그 중 몇 명이 악의 세력이거나 호크룩스를 갖고 있는지 알게됩니다.","깨워서 변신할지 물어봅니다.
","깨워서 변신할지 물어봅니다. 인간 형태로 밤에 죽었다면 깨워서 참가자 2명을 선택하게 하고, 선택된 참가자들이 악의 세력이거나 호크룩스를 가졌는지에 따라 0, 1, 2를 보여줍니다.","애니마구스 형태, 인간 형태",,,,너는 이해 못 해. 목숨을 바칠 만한 가치가 있는 것들이 있다고!,
snape_hp2_1,,스네이프,townsfolk,hp,매일 밤 자신을 제외한 참가자 한 명을 선택합니다. 선택된 참가자는 그날 밤부터 내일 낮까지 하수인의 능력으로부터 보호됩니다.,"깨워서 참가자 선택을 요청합니다.
","깨워서 참가자를 선택하게 합니다.
",보호함,,,,"어둠의 마법은 다양하고, 끊임없이 변화하며, 영원해. 그것과 싸우는 건 많은 머리를 가진 괴물과 싸우는 것과 같지. 목을 자를 때마다 이전보다 더 사나운, 더 영리한 머리가 자라나는.",
thedeatheaters_hp2_1,,죽음을 먹는 자들,demon,hp,"매일 밤*, 모든 생존한 하수인들이 죽일 사람을 정합니다. 모든 하수인이 죽으면 게임이 끝납니다. 모든 하수인들은 악한 마을주민 직업을 알고 시작합니다. [악한 마을주민 +1]",모든 하수인을 깨워 마을 주민 직업 하나를 보여줍니다. 이것이 그들이 악으로 만든 마을 주민입니다.,모든 하수인을 깨워 죽일 참가자를 투표로 정하게 합니다.,어둠의 왕,,,,그가 사람들을 조종해서 끔찍한 일들을 하게 만들 수 있다는 걸 알잖아. 스스로를 멈출 수도 없이.,
tomriddle_hp2_1,,톰 리들,demon,hp,"매일 밤*, 한 명을 선택해 죽입니다. 외지인을 선택했다면 한 명 더 선택할 수 있습니다. [외지인 +1]",,깨워서 누군가를 죽이게 합니다.,,,,,"나를 못살게 구는 사람들에게 나쁜 일이 일어나게 할 수 있어. 내가 원하면, 그들을 고통스럽게 할 수 있지.",
youknowwho_hp2_1,,그 사람,demon,hp,"매일 밤* 한 명을 선택해 죽입니다. 자살하면 하수인 한 명이 어둠의 왕이 됩니다. 금기어를 알고 시작하며, 선한 참가자가 그 단어를 말하면 죽을 수 있습니다.","깨워서 금기어를 알려줍니다.
",깨워서 누군가를 죽이게 합니다.,금기어 발설,,,,그래. 내가 어떻게 되었는지 보이나? 살아남기 위해 무엇을 해야 하는지 보이나? 다른 이에게 기생하며 살아가는 단순한 기생충으로!,
barnacle,,따개비,outsider,HSoM,"첫날 밤, 참가자 한 명을 선택하며 선택한 참가자가 투표할 때만 투표할 수 있습니다. 당신이 죽더라도, 선택한 참가자가 이기는 경우 승리합니다.",참가자를 선택하게 하세요. :reminder:,,달라붙음,,,,,
boatswain,,갑판장,townsfolk,HSoM,게임 시작 시 연달아 앉아있는 선한 진영 참가자들 중 가장 큰 그룹의 인원 수를 알게 됩니다.,몇명인지 알려주세요.,,,,,,,
buccaneer,,카리브 해적,townsfolk,HSoM,"매일 밤*, 자신을 제외한 두명의 참가자를 선택합니다. 만약 둘의 진영이 서로 다르다면, 당신은 죽습니다.",,"두명의 참가자(본인제외)를 선택하게 하세요, 선택한 참가자들의 팀(선,악)이 다르다면, 해적을 사망 시키세요. :reminder:","생존, 사망",,,,,
calypso,,칼립소,,HSoM,"매일 밤, 3명의 참가자를 선택합니다. 전날 밤에 첫 번째로 선택했던 참가자가 죽습니다. 만약 그 참가자가 오늘 처형되었다면, 나머지 두 명이 오늘 밤에 죽습니다.",3명 고르게 하세요. :reminder: :reminder: :reminder:,첫번째 참가자가 오늘 낮에 '처형' 됐다면 다른 두 명을 더 '사망'시키세요. 아니라면 첫번째 참가자를 '사망'시킵니다. 이 후 3명을 고르세요. :reminder: :reminder: 칼립소3명. :reminder: :reminder: :reminder:,"1번, 2번, 3번, 사망, 사망, 사망",,,,,
captain,,선장,,HSoM,"매일 밤*, 자신을 제외한 2명의 참가자를 선택합니다. 첫 번째 참가자가 오늘 밤 죽는다면, 대신 두 번째 참가자가 죽습니다. 만약 악마가 이 능력으로 죽게 된다면, 오늘 밤의 죽음은 이야기꾼이 정합니다.",,선장이 2명을 고르게 하세요. 첫번째는 '보호'토큰을 두번째는 '표적 '토큰을 놓으세요. :reminder: :reminder:,"보호, 표적, 사망",,,,,
corsair,,지중해 해적,,HSoM,밤에 죽으면 참가자 한 명과 마을주민 직업 하나를 선택합니다. 선택된 참가자가 악마가 아니라면 그 마을주민으로 변경됩니다.,,"지중해 해적이 밤에 '사망'하면, 참가자와 마을주민을 고르게 하고, 악마가 아니라면 그 참가자의 캐릭터를 바꾸세요.",,,,,,
deckhand,,갑판원,,HSoM,"게임 시작 시 게임 중인 캐릭터 하나를 알게 됩니다. 만약 오늘 당신이 알게 된 캐릭터가 처형되어 죽었다면, 오늘 밤 다른 진영의 게임 중인 캐릭터 하나를 알게 됩니다.",플레이중인 캐릭터 하나를 알려주세요. :reminder:,"알려준 캐릭터가 죽는다면, 다른 진영(선,악)의 캐릭터를 알려줍니다. :reminder:","알게됨, 오늘 죽음",,,,,
firstmate,,1등 항해사,,HSoM,"게임에서 한 번, 밤에 (ㄴ), (ㅅ),(ㅣ)를 선택하면 게임 중인 캐릭터들의 이름에 해당 글자가 포함된 수를 알게 됩니다.
",능력을 쓸지 물어보세요. 쓴다면 숫자로 알려주세요 :reminder:,능력을 쓸지 물어보세요. 쓴다면 숫자로 알려주세요 :reminder:,능력 없음,,,,,
flesheater,,살점 포식자,,HSoM,"매일 밤, 참가자 한 명을 선택할 수 있습니다. 해당 참가자의 마을주민 능력은 다음 밤이 되기전까지 거짓 정보를 제공합니다. 만약 그날 밤에 죽어야 할 참가자라면, 하루 뒤 밤에 죽게 됩니다.","매일 밤, 참가자를 선택하게 하세요. 선택된 참가자가 마을주민이라면 황혼까지 잘못된 정보를 제공해야합니다. :reminder:","매일 밤, 참가자를 선택하게 하세요. 선택된 참가자가 마을주민이라면 황혼까지 잘못된 정보를 제공해야합니다. 그가 오늘 밤 '사망' 한다면 ,대신 다음 밤 '사망'처리 됩니다. :reminder: 살점포식자에게 한입 먹힌 참가자는 그날 밤 죽을 수 없습니다. 다음 밤에 '사망'시키세요. :reminder:","한입, 사망",,,,,
grogblossom,,딸기코,,HSoM,"당신은 마을주민이라고 생각하지만, 사실은 딸기코입니다. 당신은 악한 진영으로 간주되며 하수인 또는 외지인으로 보일 수 있습니다.",,,,딸기코,,,,
hermitcrab,,소라게,,HSoM,생존자가 3명만 남았을 때 당신이 한 번도 참가자를 지명한 적이 없다면: 소라게 팀이 승리하게 [외지인 +1],,,지명했음,,,,인격이란 가면 뒤에는 그 가면을 다루는 영혼이 존재한다. 때로는 그 영혼이 가면을 벗고 심연과 마주할 때가 오느니...,
kraken,,크라켄,,HSoM,"매일 밤*, 참가자 한 명을 선택해서 죽입니다. 처음 외지인을 죽였을 경우, 그 외지인의 살아있는 선한 이웃 중 한 명이 함께 죽습니다. [외지인 -1 또는 +1]",,"매일 밤, 참가자를 선택해 '사망'시킵니다.. 선택한 참가자가 외지인이라면 외지인의 살아있는 선한 이웃 한명을 더 죽입니다.(최초 1번) . :reminder:","사망, 사망",,,,,
landlubber,,풋내기 선원,,HSoM,"매일 밤*, 만약 당신이 오늘 하수인을 지명했다면, 당신은 죽습니다.",,그가 지명한 참가자가 하수인이라면 '사망'시키세요. :reminder:,사망,,,,,
mermaid,,인어,,HSoM,인어와 악마를 제외하고 인어를 지명한 사람은 인어가 다시 지명될 때까지 만취 상태가 됩니다. 이는 인어가 죽은 후에도 유지됩니다.,,,만취,,,,,
mysticpriestess,,비밀 여사제,,HSoM,"악한 참가자가 낮에 악마를 지명하면, 지명된 악마는 당신과 캐릭터를 교체하고 다음날 아침까지 '중독'됩니다. 생존자가 4명 이하라면 이 능력을 잃습니다.",,,"능력 없음, 오늘밤 바꿈, 오늘밤 바꿈",,,,,
navigator,,항해사,,HSoM,"게임 시작 시 3명의 참가자를 알게 됩니다. 마을주민 1명, 외지인 1명, 하수인 1명입니다. (순서 임의) [외지인 -1 또는 +1]
","마을주민, 외지인, 하수인 3명을 각각 지명하세요.(순서 임의)",,"알려줌, 알려줌, 알려줌",,,,,
oldseadog,,노련한 선원,,HSoM,"게임 시작 시 5개의 캐릭터를 알게 됩니다. 2개는 게임에 참가중인 캐릭터, 3개는 게임에 참가중이지 않은 캐릭터입니다.","노련한 선원을 깨워 캐릭터 토큰 5개를 (참가 2개, 미참가 3개) 보여주세요.",,,,,,,
powdermonkey,,화약 운반수,,HSoM,"첫째 날, 공개적으로 2명의 참가자를 선택합니다. 둘 중 하나가 하수인이라면, 당신과 선택된 하수인은 오늘 밤 죽습니다.",,선택한 참가자 중에 하수인이 있다면 화약운반수와 하수인 둘다 죽이세요. :reminder: :reminder:,"사망, 사망",,,,,
privateer,,사략선 해적,,HSoM,"매일 낮 이야기꾼으로부터 과제를 받을 수 있습니다. 매일 밤*, 이전 과제를 완료했다면 게임 중인 캐릭터 하나를 알게 됩니다.",,과제를 달성하면 캐릭터 하나를 알려주세요.,과제 성공,,,,,
rusalka,,루살카,,HSoM,"당신은 자신의 능력이 무엇인지 모르지만, 매일 밤 힌트를 얻습니다. 선한 참가자 1명이 당신의 능력을 알고 있습니다. 그 사람이 루살카가 게임에 있다는 것을 밝힐 경우 당신은 자신의 능력을 알게 됩니다.",루살카에게 능력의 힌트를 알려주세요. 선한 참가자를 깨워 루살카가 있음을 알려주세요. :reminder:,"루살카에게 능력의 힌트를 알려주세요. 루살카에게 고르게 하거나, 능력에 기반한 정보를 제공하시거나 하세요. :reminder:","저주, 사망",,,,,
seaspirit,,바다 정령,,HSoM,"첫날 밤 선한 참가자 한 명을 선택하여 중독시킵니다. 중독된 선한 참가자를 포함 3명만 살아남은 경우, 당신이 이미 죽었더라도 당신의 팀이 승리합니다. 선한 참가자 1명은 바다 정령이 게임에 참가중임을 알고 있습니다.",바다정령을 깨워서 선한 참가자를 중독 시키세요. 선한 참가자를 깨워서 바다정령의 있음을 알려주세요. :reminder:,,"중독, 알고있음",,,,,
stowaway,,밀항자,,HSoM,"게임에 참가중인 마을주민 중 하나라고 광적으로 설득한다면 당신은 밤에 죽지 않습니다. 당신이 죽으면, 모든 하수인들은 매일 밤 그리모어를 봅니다.",,밀항자가 '사망'했다면 하수인들을 깨워 그리모어를 보여주세요.,그리모어 보여줌,,,,,
umibozu,,우미보즈,,HSoM,"매일 밤*, 한 명을 선택해서 죽입니다. 두 우미보즈가 서로 다른 대상을 고르면 능력은 발동되지 않습니다. 당신은 하수인처럼 보일 수 있습니다. [하수인 중 한 명을 우미보즈로 변경]",,우미보즈가 참가자를 선택하게 하세요. :reminder:,사망,,,,,
undeadpirate,,언데드 해적,,HSoM,"처형되어 죽은 날 밤, 살아있는 선한 이웃 중 한 명을 선택해서 죽일 수 있습니다.",,"처형으로 '사망'하면, 오늘 밤 살아있는 선한 이웃을 선택하게 하세요. 그는 '사망'합니다. :reminder:","능력 없음, 사망",,,,,
wench,,여급,,HSoM,매일 낮 이야기꾼으로부터 비밀리에 살아있는 이웃 참가자들에 대한 진실된 정보를 하나 얻을 수 있습니다.,,,,,,,,
beedrill,,독침붕,demon,pokemon1,"매일 밤*, 참가자 1명을 선택해 자연으로 돌려보냅니다.
선택된 참가자와 이웃한 선한 참가자 1명은 그날 낮까지 중독됩니다.
",,독침붕이 참가자 1명을 선택합니다. 그 참가자는 사망합니다. 사망자와 이웃한 선한 참가자들에게 '중독됨' 리마인더를 놓습니다.,"중독됨1, 중독됨2",,,,,
blastoise,,거북왕,townsfolk,pokemon1,"매일 밤, 숫자를 선택합니다. 그 거리만큼 떨어진 참가자 2명에게 물대포를 갈깁니다. 그 참가자들은 낮까지 중독, 취함이 씻깁니다.
",거북왕이 선택한 숫자만큼 떨어진 참가자 2명에게 '물대포' 리마인더를 놓습니다.,거북왕이 선택한 숫자만큼 떨어진 참가자 2명에게 '물대포' 리마인더를 놓습니다.,"물대포, 물대포",,,,,
bulbasaur,,이상해씨,townsfolk,pokemon1,"2명의 참가자 중 꼬부기를 알고 시작합니다.
정확히 세번째 밤에 이상해꽃으로 진화합니다.
",꼬부기 토큰을 보여주고 두 명의 참가자를 가리킵니다. 둘 중 한명은 꼬부기여야 합니다.,,"꼬부기, 틀림",,,,,
charizard,,리자몽,townsfolk,pokemon1,"매일 밤*, 어제와 다른 참가자를 1명 선택해 불대문자를 갈깁니다.
악마가 선택되면 효과는 뛰어났다!! 그날 밤 악마는 활동하지 않지만, 리자몽이 누군지 알게 됩니다.
",,어제와 다른 참가자 1명을 선택합니다. 악마를 지명했다면 악마를 깨워 리자몽이 누군지 알려줍니다. 악마는 오늘 밤 활동하지 않습니다.,불대문자,,,,,
charmander,,파이리,townsfolk,pokemon1,"2명의 참가자 중 이상해씨를 알고 시작합니다.
정확히 세번째 밤에 리자몽으로 진화합니다.",이상해씨 토큰을 보여주고 두 명의 참가자를 가리킵니다. 둘 중 한명은 이상해씨여야 합니다.,,"이상해씨, 틀림",,,,,
ditto,,메타몽,townsfolk,pokemon1,"자신의 능력이 무엇인지 모릅니다. 자신이 메타몽이라고 주장하면 처형될 수 있습니다. 자연으로 돌아가면 자신의 능력이 무엇이었는지 낮에 비밀스럽게 사회자에게 들을 수 있습니다.
",메타몽의 전체 능력을 결정하세요. 만약 메타몽의 능력으로 인해 오늘 밤 깨어나야 한다면 메타몽을 깨우고 능력을 실행하세요. (반드시 마지막에 깨우세요),만약 메타몽의 능력으로 인해 오늘 밤 깨어나야 한다면 메타몽을 깨우고 능력을 실행하세요. (반드시 마지막에 깨우세요),?,,,,,
electrode,,붐볼,minion,pokemon1,"붐볼이 처형되면 그날 밤 선한 참가자 2명까지 자연으로 돌아 갈 수도 있습니다
",,"낮에 처형되었다면, 살아있는 선한 참가자 2명이 죽을 수 있습니다.",처형됨,,,,,
gastly,,고오스,outsider,pokemon1,"자신이 마을주민이라고 알 수도 있습니다. 하수인과 악마는 서로 모르며 하수인들만 블러핑 포켓몬을 받습니다. 살아 있다면, 정확히 세번째 밤이 끝날 때 팬텀으로 진화하고 악팀이 됩니다.[+ 팬텀]",고오스에게 '밤1' 리마인더를 놓습니다.,"고오스에게 '밤1' 리마인더가 있다면 '밤2' 리마인더를, '밤2' 리마인더가 있다면 '진화' 리마인더를 놓습니다. '진화' 리마인더가 있다면 팬텀으로 토큰을 교체합니다. 하수인과 악마를 모두 깨워 서로를 확인시킵니다.","밤1, 밤2, 진화",고오스임,,,,
gengar,,팬텀,demon,pokemon1,"매일 밤*, 참가자 1명을 선택해 자연으로 돌려보냅니다.
[+0~1 외지인]
",,팬텀이 참가자 1명을 선택합니다. 그 참가자는 사망합니다.,,,,,,
greninja,,개굴닌자,townsfolk,pokemon1,"매일 밤, 참가자를 1명 선택해 낮까지 중독 시키지만 악마에겐 효과가 없습니다. 개굴닌자는 누구에게나 악팀으로 보입니다.(악마와 하수인에게도)",개굴닌자가 가리킨 참가자가 악마가 아닌 경우에만 '중독됨' 리마인더를 놓습니다.,개굴닌자가 가리킨 참가자가 악마가 아닌 경우에만 '중독됨' 리마인더를 놓습니다.,중독됨,,,,,
gyarados,,갸라도스,outsider,pokemon1,능력이 없습니다. 잉어킹으로부터 진화를 통해서만 존재합니다.,,,,,,,,
kakuna,,딱충이,outsider,pokemon1,"딱충이가 살아서 두번의 밤을 보내면, 그 다음 밤에 독침붕으로 진화하고 악팀이 됩니다. 이때 기존 악마는 모두 자연으로 돌아가며, 하수인들은 당신을 알게 됩니다. [-1 뿔충이]
",딱충이에게 '밤1' 리마인더를 놓습니다.,딱충이에게 '밤1' 리마인더가 있다면 '밤2' 리마인더를 놓습니다. '밤2' 리마인더가 있다면 '진화' 리마인더를 놓습니다. '진화' 리마인더가 있다면 독침붕 토큰으로 교체하고 깨워서 알려줍니다. 원래 악마는 사망합니다.,"밤1, 밤2, 진화",,,,,
magikarp,,잉어킹,outsider,pokemon1,"능력이 없으며, 심지어 잉어킹은 투표할 수 없습니다. [-1 갸라도스]
잉어킹이 지명 당한 날 밤에 갸라도스로 진화하고, 진화할 때 임의의 참가자 1명을 자연으로 돌려 보냅니다.
",,잉어킹에게 '지명됨' 토큰이 있을 경우 갸라도스로 토큰을 변경한 뒤 깨워서 알려줍니다. 임의의 참가자 1명이 사망합니다.,지명됨,,,,,
meowth,,나옹,minion,pokemon1,"매일 밤, 자신을 제외한 참가자를 1명 선택합니다. 선택된 참가자의 투표는 마이너스로 집계됩니다.
",나옹이 자신을 제외한 참가자를 가리킵니다. 그 참가자 옆에 '마이너스투표' 리마인더를 놓습니다.,나옹이 자신을 제외한 참가자를 가리킵니다. 그 참가자 옆에 '마이너스투표' 리마인더를 놓습니다.,마이너스투표,,,,,
mew,,뮤,outsider,pokemon1,"뮤가 처형되면 선팀과 악팀의 승리조건이 반대가 됩니다.
",,뮤가 처형되었고 악마가 모두 죽었다면 악팀의 승리입니다,승리조건반대,,,,,
mewtwo,,뮤츠,demon,pokemon1,"매일 밤*, 참가자 1명을 선택해 자연으로 돌려보냅니다.
파괴광선을 쏠 수 있습니다. 파괴광선을 쏘면 3명의 참가자를 자연으로 돌려보냅니다. 파괴광선을 쓴 다음날은 반드시 쉬어야 합니다.
",,뮤츠에게 '휴식' 토큰이 있다면 깨우지 않고 '휴식' 토큰만 제거합니다. '휴식' 토큰이 없다면 뮤츠를 깨웁니다. 뮤츠는 참가자를 1명 또는 3명 선택합니다. 3명을 선택하면 뮤츠에게 '휴식' 리마인더를 놓습니다.,휴식,,,,,
muk,,질뻐기,minion,pokemon1,"매일 밤, 참가자을(를) 1명 선택해 낮까지 중독 시킵니다.
",질뻐기가 가리킨 참가자에게 '중독됨' 리마인더를 놓습니다.,질뻐기가 가리킨 참가자에게 '중독됨' 리마인더를 놓습니다.,중독됨,,,,,
pidgeotto,,피죤,townsfolk,pokemon1,"매일 밤, 공중날기를 할 수 있습니다. 공중날기를 하면 밤 동안 피죤을 대상으로 한 모든 능력을 피합니다. 공중날기를 한 다음날은 반드시 쉬어야 합니다.
",휴식' 리마인더가 없다면 '공중날기' 사용 여부를 확인합니다. 사용한다면 '공중날기' 리마인더를 놓습니다. 밤이 끝나면 '휴식' 리마인더로 변경합니다.,피죤에게 '휴식' 리마인더가 있다면 제거 후 아무것도 하지 않습니다. '휴식' 리마인더가 없다면 '공중날기' 사용 여부를 확인합니다. 사용한다면 '공중날기' 리마인더를 놓습니다. 밤이 끝날 때 '휴식' 리마인더로 변경합니다. ,"공중날기, 휴식",,,,,
pikachu,,피카츄,townsfolk,pokemon1,"첫날밤, 본인 외 원하는 참가자를 선택합니다. 
사회자는 해당 참가자에게 엔젤링을 줄 수 있습니다.
정확히 세번째 밤에 라이츄로 진화합니다.",피카츄가 선택한 참가자에게 '엔젤링' 리마인더를 놓습니다.,,엔젤링,,,,,
raichu,,라이츄,townsfolk,pokemon1,"게임 중 1번, 낮에 참가자를 1명 선택해 10만볼트를 갈깁니다.
선택한 참가자가(가) 하수인이라면 효과는 굉장했다!! 해당 참가자는 처형되고 자연으로 돌아갑니다.
",,,능력 없음,,,,,
slowbro,,야도란,townsfolk,pokemon1,"매일 밤*, 사망한 참가자 1명을 선택합니다. 선택된 참가자가 어떤 포켓몬인지 알게 됩니다.
",,"야도란이 죽은 참가자를 선택하고, 해당 참가자의 캐릭터를 알려줍니다.",,,,,,
slowking,,야도킹,townsfolk,pokemon1,"야도킹의 투표는 언제나 2표로 집계됩니다. 
",,,,,,,,
slowpoke,,야돈,townsfolk,pokemon1,"자신이 외지인이라고 착각하고 있습니다. 악마에게 공격 받으면
자연으로 돌아가지 않고, 야도란 혹은 야도킹으로 진화합니다.
",,악마에게 공격받으면 야도란 혹은 야도킹으로 토큰 변경 후 깨워서 알려줍니다. 야도란이라면 바로 능력을 사용합니다.,,야돈임,,,,
squirtle,,꼬부기,townsfolk,pokemon1,"2명의 참가자 중 파이리를 알고 시작합니다.
정확히 세번째 밤에 거북왕으로 진화합니다.
",파이리 토큰을 보여주고 두 명의 참가자를 가리킵니다. 둘 중 한명은 파이리여야 합니다.,,"파이리, 틀림",,,,,
teamrocket,,로켓단,demon,pokemon1,"게임 시작 시 하수인과 악마는 서로 모릅니다. 
매일 밤*, 1명의 참가자를 선택할 수 있습니다. 선택한 참가자는 자연으로 돌아갑니다.
로켓단 2명이 같은 참가자를 선택하면, 선택된 참가자는 자연으로 돌아가지 않고 악팀이 됩니다. [+1 로켓단]
",,로켓단을 차례로 깨웁니다. 각각 선택한 참가자에게 '선택' 리마인더를 놓습니다. 리마인더가 겹칠 경우 해당 참가자를 깨워 악팀이 되었음을 알립니다. 겹치지 않으면 두 명 모두 사망합니다.,"선택1, 선택2",,,,,
venusaur,,이상해꽃,townsfolk,pokemon1,"매일 밤, 당신의 살아있는 이웃 중 악팀이 몇 명인지 알게 됩니다.
","이상해꽃의 살아있는 이웃 중 악한 이웃의 수에 대한 손가락 신호(0, 1, 2)를 보여줍니다.","이상해꽃의 살아있는 이웃 중 악한 이웃의 수에 대한 손가락 신호(0, 1, 2)를 보여줍니다.",,,,,,
weedle,,뿔충이,townsfolk,pokemon1,"악마에게 공격받으면 이를 다른 참가자에게 튕겨낼 수도 있으며, 동시에 그날 밤 딱충이로 진화합니다. [-1 딱충이]
",,악마에게 공격받으면 다른 참가자를 사망처리합니다. 이후 '딱충이'로 토큰을 변경하고 깨워서 알려줍니다.,,,,,,
wobbuffet,,마자용,minion,pokemon1,"매일 밤, 어제와 다른 살아있는 참가자를 1명 선택합니다. 선택된 참가자가 그날 낮에 “마자용” 이라고만 해야하며 지키지 않으면 처형될 수 있습니다.
","마자용이 참가자를 가리킵니다. 그 참가자를 깨웁니다. '이 캐릭터가 당신을 선택했습니다' 카드를 보여준 다음, 마자용 토큰을 보여줍니다. 참가자가 내일 ""마자용"" 이외의 대화를 할 경우 처형될 수 있습니다.","마자용이 어제와 다른 살아있는 참가자를 가리킵니다. 그 참가자를 깨웁니다. '이 캐릭터가 당신을 선택했습니다' 카드를 보여준 다음, 마자용 토큰을 보여줍니다. 참가자가 내일 ""마자용"" 이외의 대화를 할 경우 처형될 수 있습니다.",마자~용!,,,,,
zubat,,주뱃,townsfolk,pokemon1,"첫날밤, 참가중이지 않은 포켓몬 3개를 알게 됩니다.",참가중이지 않은 포켓몬 3개를 알려줍니다.,,,,,,,
actor_fall_of_rome,,배우,townsfolk,rome,"게임당 한 번 낮에 공개적으로 참가자 3명의 캐릭터 유형을 추측합니다.(본인 제외, 유형 당 1개) 그날 밤, 그 중 몇 개가 맞았는지 알게 됩니다.",,"배우가 오늘 능력을 사용했다면: '맞힘' 표시의 개수(0, 1, 2, 또는 3)를 수신호로 보여주세요. '능력 없음' 표시를 놓으세요.","맞힘, 능력 없음",,,,내가 역할을 잘 해냈는가? 그렇다면 내가 퇴장할 때 박수를 쳐 주시오! - 카이사르 아우구스투스 (기원전 63년 - 14년),
architect_fall_of_rome,,건축가,traveler,rome,"매일 밤*, 한 명의 참가자를 선택합니다: 1) 그들은 같은 유형의 게임에 없는 캐릭터가 되거나, 2) 같은 유형의 다른 참가자와 캐릭터를 교환합니다.",,,,,,,나는 로마를 벽돌로 된 도시로 발견했고 대리석의 도시로 남겼다.,
augur_fall_of_rome,,조점관,minion,rome,마을 주민이 당신을 지명하면 그는 즉시 '불길한 징조'가 됩니다.,,,,,,,"전쟁과 평화 시에, 국내외에서 모든 일이 점을 친 후에만 이루어졌다는 것을? - 티투스 '리비우스' 리비우스 (기원전 59년 - 17년)",
badomen_fall_of_rome,,불길한 징조,outsider,rome,"자신이 마을 주민이라고 생각하지만 그렇지 않고, 잘못된 정보를 받습니다. 당신은 악으로 보일 수 있고, 죽더라도 동일합니다.",,,불길한 징조임,,,,3월의 이드를 조심하라. - 가이우스 율리우스 카이사르 (기원전 100년 - 기원전 44년),
blacksmith_fall_of_rome,,대장장이,townsfolk,rome,"당신이 악마에게 처음 죽으면, 당신은 죽지 않고 플레이 중이 아닌 마을 주민 능력 1개를 갖습니다.",,"대장장이가 악마에게 살해당했다면. 대장장이에게 게임에 참여하지 않은 마을 주민 캐릭터 토큰을 보여주세요. 게임에 참여하지 않은 캐릭터 토큰과 대장장이 토큰을 교체하세요. 대장장이임 토큰을 제거하세요. 대장장이를 깨워, 새로운 캐릭터 능력을 보여주세요.",대장장이임,,,,모든 새로운 시작은 다른 어떤 시작의 끝에서 온다. - 루키우스 안나이우스 세네카 (기원전 4년 - 65년),
caesar_fall_of_rome,,카이사르,demon,rome,"매일 밤*, 1명을 선택해 죽입니다. 악한 참가자가 처음 처형으로 죽으면, 그날 밤 추가로 1명을 더 죽일 수 있습니다.",,"오늘 악 참가자가 처형되었다면, 카이사르는 두 참가자를 지목합니다. 그렇지 않다면: 카이사르는 한 참가자를 지목합니다. 선택된 참가자들은 죽습니다.","배신, 사용됨, 사망",,,,"왔노라, 보았노라, 이겼노라. - 가이우스 율리우스 카이사르 (기원전 100년 - 기원전 44년)",
centurion1_fall_of_rome,,백인대장,townsfolk,rome,"당신이 살아있는 참가자를 지명하고, 그가 처형당하면 그의 팀이 패배합니다. 당신은 악마로부터 안전합니다. 오늘 낮에 공개적으로 '스파르타쿠스' 라고 주장했다면 새벽까지 술에 취합니다.",,,취함,,,,죽음을 자원하는 사람을 찾는 것이 인내심을 가지고 고통을 견디려는 사람을 찾는 것보다 쉽다. - 가이우스 율리우스 카이사르 (기원전 100년 - 기원전 44년),
cleopatra_fall_of_rome,,클레오파트라,demon,rome,"매일 밤, 두 명의 참가자를 선택합니다. 선택된 참가자들이 다음날 지명을 하면, 그날 밤에 사망합니다. 매일, 여행자를 제외한 선한 참가자가 한 명이라도 지명을 하지 않으면, 악한 진영이 승리합니다.","클레오파트라는 두 참가자를 지목합니다.
",이전에 선택된 참가자가 오늘 지목했다면 그들은 죽습니다. 모든 '선택됨' 토큰을 제거하세요. 클레오파트라는 두 참가자를 지목합니다. 두 참가자 옆에 '선택됨' 토큰을 놓으세요.,"선택됨, 사망",,,,바보! 당신 없이 살 수만 있었다면 난 벌써 백 번도 넘게 당신을 독살했을 거예요! - 클레오파트라 7세 테아 필로파토르 (기원전 69년 - 기원전 30년),
crassus_fall_of_rome,,크라수스,demon,rome,"매일 밤*, 1명을 선택해 죽입니다. 첫 번째 크라수스가 공개적으로 자신이 스파르타쿠스라고 주장하고, 그날 낮이나 밤에 5명 이상 생존한 상태에서 사망하면, 악한 진영의 참가자 한 명이 크라수스가 됩니다.",,"크라수스는 한 참가자를 지목합니다. 그 참가자는 죽습니다. 첫 번째 크라수스가 오늘 공개적으로 스파르타쿠스라고 주장하고 자신을 지목했다면(또는 처형되었다면), 5명 이상의 참가자가 살아있는 상태에서, 악 참가자 1명의 캐릭터를 여분의 크라수스 토큰으로 교체하세요. 해당 참가자에게 당신이 새로운 크라수스임을 알도록 토큰을 보여주세요.","사망, 첫 크라수스",,,,위대한 일을 꿈꾸는 자들은 또한 크게 고통받아야 한다... - 루키우스 메스트리우스 '플루타르코스' 플루타르쿠스 (약 49년 - 119년),
emperor_fall_of_rome,,황제,traveler,rome,"매일, 첫 번째 처형의 결과를 선택합니다. 오늘의 처형을 막기로 선택하면: 그들은 생존합니다. 그렇지 않으면, 그날 밤 그들의 진영을 알게 됩니다.",,,,,,,어떤 죽음이 다른 모든 죽음보다 선호되는가? 예상치 못한 죽음이다.,
gladiator_fall_of_rome,,검투사,townsfolk,rome,"게임당 한 번 낮에 공개적으로 살아있는 1명을 선택합니다. 오늘 밤, 그와 당신은 조용히 일어나서 누군가 이길 때까지 '가위바위보'를 합니다. 진 사람은 죽습니다.",,"검투사가 오늘 능력을 사용했다면 검투사와 그가 선택한 참가자를 깨우세요: 두 참가자는 조용히 가위바위보를 합니다. 둘 다 같은 것을 냈다면, 다시 합니다. 누군가 이길 때까지 합니다. 진 사람이 죽습니다.","결투, 사망, 능력 없음",,,,"용서하시오. 나는 검으로 훈련받았지, 말로 훈련받지 않았소! - 크릭수스 (기원전 72년)",
glykon1_fall_of_rome,,글리콘,minion,rome,"당신은 선으로 보일 수 있습니다. 당신이 지명하는 참가자는 새벽까지 반대 진영으로 보이며, 그가 마을 주민일 경우 중독됩니다.",,,"뱀에 물림, 중독",,,,"그들이 들어갔을 때, 물론 그것은 그들에게 기적처럼 보였다. 이전에 작았던 뱀이 며칠 만에 그렇게 큰 뱀이 되었고, 게다가 인간의 얼굴을 하고 있으며 온순했다는 것이! - 루키아노스 (기원전 125년 - 약 180년), 알렉산드로스 '거짓 예언자'에 대해",
hannibal_fall_of_rome,,한니발,demon,rome,"당신은 스스로를 선한 캐릭터라고 생각합니다. 하수인들은 플레이 중이지 않은 캐릭터 3개를 알게 됩니다. 매일 밤*, 1명이 죽을 수 있습니다. 첫 번째로 죽은 한니발은 선이 됩니다. [+1 한니발]","선한 참가자 2명을 선택하고 '한니발임' 알림 토큰을 놓으세요. 모든 하수인들을 함께 깨워, 한니발들을 보여주고 게임에 참여하지 않는 캐릭터 토큰 3개를 보여주세요(하수인들이 보는 토큰 3개는 동일해야 합니다).","이야기꾼이 한 참가자를 선택하세요, 그 참가자는 죽습니다. 한니발이 오늘 죽었다면, 그 참가자를 깨워  한니발 토큰과 엄지 위 신호를 통해 선 진영임를 보여주세요.","한니발임, 사망",,,,나는 길을 찾거나 만들 것이다. - 한니발 (기원전 247년 - 기원전 약 182년),
haruspex_fall_of_rome,,내장 점술가 ,minion,rome,"매일 밤, 1명을 선택합니다. 그 참가자의 캐릭터를 알게 됩니다. 이 방법으로, 당신이 처음으로 2번 선택하는 참가자는 죽습니다. [+1 스파르타쿠스]","내장 점술가는 한 참가자를 지목합니다. 해당 참가자의 캐릭터 토큰을 보여주세요. 그 참가자 옆에 '예언됨' 토큰을 놓으세요
","내장 점술가는 한 참가자를 지목합니다. 해당 참가자의 캐릭터 토큰을 보여주세요. 그 참가자 옆에 '예언됨' 토큰을 놓으세요: 해당 참가자가 이미 '예언됨' 토큰을 가지고 있다면, 그 참가자는 죽고 점장이 옆에 '살해 불가' 토큰도 놓으세요.","예언됨, 사망, 살해 불가",,,,"...하지만 경건함과 종교, 그리고 모든 것이 불멸의 신들의 신성한 힘에 의해 통치되고 관리된다는 것을 인식하는 이 특별한 지혜를 통해 우리는 다른 모든 나라와 민족보다 우월했고 지금도 우월하다. - 마르쿠스 툴리우스 키케로 (기원전 106년 - 기원전 46년)",
highpriest1_fall_of_rome,,고위사제1,traveler,rome,"매일, 생존한 참가자 중 한 명을 공개적으로 선택하여 축복할 수 있습니다: 과반수가 동의하면, 그 고위사제에게 좋은 일이 일어납니다.",,,,,,,죄인에 대한 첫 번째이자 가장 큰 벌은 죄의 양심이다.,
highpriest2_fall_of_rome,,고위사제2,traveler,rome,"매일, 생존한 참가자 중 한 명을 공개적으로 선택하여 축복할 수 있습니다: 과반수가 동의하면, 다음날 그들은 한 가지 진술을 알게 됩니다. 그날 밤, 그 진술이 진실인지 거짓인지 선택합니다.",,,,,,,죄인에 대한 첫 번째이자 가장 큰 벌은 죄의 양심이다.,
iamspartacus_fall_of_rome,,나는 스파르타쿠스다!,fabled,rome,"매일, 생존자의 절반까지(반올림, 여행자 제외) 공개적으로 자신이 스파르타쿠스라고 주장할 수 있습니다.",,,,,,,자아는 살을 베는 것보다 더 깊이 베인다. - 스파르타쿠스 (기원전 약 103년 - 기원전 71년),
legionary_fall_of_rome,,군단병,townsfolk,rome,"매일 밤, 자신과 시계방향으로 앉아있는 살아있는 군단병 사이에, 살아있는 악한 참가자의 수를 알게 됩니다. [+0 ~ +2 군단병]","군단병과 시계방향으로 다음 군단병 사이에 있는 살아있는 악의 참가자 수(0, 1, 2 등)를 수신호로 보여주세요(양끝은 제외).
","군단병과 시계방향으로 다음 군단병 사이에 있는 살아있는 악의 참가자 수(0, 1, 2 등)를 수신호로 보여주세요(양끝은 제외).",,,,,"로마인들이 세계 정복을 이룬 것은 끊임없는 군사 훈련, 엄격한 야영 규율 준수, 그리고 전쟁의 다른 기술들을 꾸준히 연마한 덕분이라는 것을 우리는 알고 있다. - 푸블리우스 플라비우스 베게티우스 레나투스 (약 385년 - 약 450년)",
mercenary_fall_of_rome,,용병,traveler,rome,"매일 밤*, 그날 스파르타쿠스라고 공개 선언한 참가자의 능력을 얻습니다. 용병이 추방되면, 당신도 함께 추방됩니다. [반대 진영의 용병 +1]",,,,,,,고용인은 주의하라... 그리고 나도 조심하라!,
merchant_fall_of_rome,,상인,townsfolk,rome,게임당 한 번 밤에* 당신을 지명했었던 참가자들의 캐릭터를 랜덤한 순서로 알 수 있습니다.,,"상인이 아직 능력을 사용하지 않았다면: 상인은 좌우 흔듦 '아니오' 또는 끄덕임 '예' 머리 신호 중 하나를 보여줍니다. 상인이 '예'를 선택했다면, '지명함' 토큰이 있는 참가자들의 캐릭터 토큰을 보여주세요(순서 무관). '능력 없음' 토큰을 놓으세요.","지명함, 능력 없음",,,,탐욕은 질투하는 자들이 야심찬 자들에게 씌우는 단어일 뿐이다. - 마르쿠스 리키니우스 크라수스 (기원전 115년 - 기원전 53년),
mortician_fall_of_rome,,장의사,townsfolk,rome,"매일 밤*, 오늘 낮에 처형으로 죽은 참가자의 살아있는 이웃 중 악이 있는지 알게 됩니다.",,"오늘 처형된 참가자가 있다면: 이웃 중 한 명이 악인지 여부를 머리 신호로 보여주세요(끄덕임 '예', 좌우 흔듦 '아니오').",최근에 처형됨,,,,"누구도 나를 위해 울지 말고, 애도의 장례식으로 나를 기리지 말라. 나는 여전히 살아있어, 사람들의 입을 통해 오가며. - 퀸투스 엔니우스 (기원전 239년 - 기원전 169년)",
physician_fall_of_rome,,의사,townsfolk,rome,"매일 밤, 자신을 제외한 2명을 선택합니다. 그들은 술에서 깨고, 건강해지며, 올바른 정보를 받습니다. 처음으로 악마가 그들 중 1명을 죽이면, 당신은 악마의 종류를 알게 됩니다. ","의사는 자신을 제외한 두 참가자를 지목합니다. 두 참가자 모두에게 '환자' 토큰을 표시하세요.
","모든 '환자' 토큰을 제거하세요. 의사는 자신을 제외한 두 참가자를 지목합니다. 두 참가자 모두에게 '환자' 토큰을 표시하세요. '환자' 토큰이 있는 참가자가 악마에게 살해당했다면, 의사 옆에 '첫 악마' 토큰을 놓고 의사를 깨워 악마 토큰을 보여주세요.","환자, 첫 악마",,,,의사를 믿기 때문에 회복되는 환자들도 있다. - 히포크라테스 (기원전 약 460년 - 기원전 약 370년),
scholar_fall_of_rome,,학자,townsfolk,rome,"당신이 처음으로 살아있는 외지인을 지명하면, 그는 즉시 플레이 중이 아닌 마을 주민이 됩니다. [+1 외지인]",,"학자가 오늘 외지인을 지목했다면, '능력 없음' 토큰을 놓으세요. 지목된 참가자를 깨우고, 새로운 캐릭터 토큰을 보여주세요.","전수, 능력 없음",,,,"아침에 일어날 때, 살아있다는 것이 얼마나 귀중한 특권인지 생각하라 - 숨 쉬고, 생각하고, 즐기고, 사랑할 수 있다는 것을. - 마르쿠스 아우렐리우스 (121년 - 180년)",
sculptor_fall_of_rome,,조각가,townsfolk,rome,"참가자 1명을 조각상으로 알고 시작합니다. 매일 밤*, 그가 가장 최근에 지명한 참가자의 진영을 알게 됩니다.",한 참가자를 지목하세요. 해당 참가자 옆에 '조각상' 토큰을 놓으세요.,"'조각상' 토큰을 가진 참가자가 오늘 지목했다면, 지목된 참가자가 악이면 조각가에게 엄지 아래(악)를, 그렇지 않다면 엄지 위(선)를 보여주세요. '지목됨' 토큰이 있다면 제거하세요.","조각상, 지목됨",,,,조각가의 손은 오직 돌 속에 잠자는 형상들을 해방시키기 위해 주문을 깨뜨릴 수 있을 뿐이다. - 미켈란젤로 (1501),
sibyl_fall_of_rome,,무녀,traveler,rome,"매일, 첫 번째 처형 이후에 사망한 참가자 중 한 명을 공개적으로 선택할 수 있습니다: 그들은 지목할 수 있게 됩니다. 사망한 참가자들과 당신의 과반수가 동의하면, 그 참가자는 처형됩니다.",,,,,,,"나는 너무나 변해 아무에게도 보이지 않을 것이다. 하지만 내 목소리로 인식될 것이다. 그리고 내 목소리로, 당신에게 두 번째 기회를 준다.",
spartacus_fall_of_rome,,스파르타쿠스,outsider,rome,"악한 참가자가 당신이 스파르타쿠스임을 공개적으로 추측하면(게임 당 한 번), 당신의 팀은 패배합니다. 당신은 마을주민으로 보일 수 있습니다. 매일 낮, 스파르타쿠스라고 공개 선언하지 않는다면, 마을주민으로 보일 수 없습니다. ",,,추측함,,,,사람은 자신의 운명을 받아들여서는 안 된다. 그렇지 않으면 그것에 의해 파멸될 것이다. - 스파르타쿠스 (기원전 약 103년 - 기원전 71년),
standardbearer_fall_of_rome,,군단기수,townsfolk,rome,"당신은 지명 당했을 때, 지명한 참가자(본인 제외)에 대해 공개적으로 유일무이한 발언 1개를 할 수 있습니다. 오늘 밤, 그 발언이 사실이었는지 알게 됩니다.",,"깃발수의 공개 발언이 사실 여부를 머리 신호로 보여주세요(끄덕임 '사실', 좌우 흔듦 '거짓').","참, 거짓",,,,당신이 아는 것을 항상 말하지 말라. 하지만 당신이 말하는 것은 항상 알고 있어라. - 티베리우스 클라우디우스 카이사르 아우구스투스 게르마니쿠스 (기원전 10년 - 54년),
temptress_fall_of_rome,,요부,minion,rome,"첫날 밤, 두 참가자를 선택합니다. 그들은 자신이 선택된 것을 알게 됩니다. 처음으로 그들 중 1명이 처형으로 죽을 때, 나머지 1명은 악이 됩니다.","유혹자는 두 참가자를 지목합니다. 두 참가자 옆에 '매혹' 토큰을 놓으세요. 두 참가자를 각각 따로 깨우세요. '이 캐릭터가 당신을 선택했습니다' 카드를 보여준 후, 유혹자 토큰을 보여주세요","'매혹' 토큰이 있는 참가자가 처형되어 죽으면, 그들의 '매혹' 토큰을 제거하세요. 남은 '매혹' 토큰이 있는 참가자는 악이 됩니다. 그들의 '매혹' 토큰을 제거하고 '악' 토큰으로 교체하세요. 악이 된 참가자를 깨워 '캐릭터' 토큰과 엄지 아래 악 신호를 보여주세요.","매혹, 악",,,,"삶에서는 아무것도 우리를 갈라놓을 수 없었지만, 이제 죽음에서 우리는 아마도 자리를 바꾸게 될 것이다... - 클레오파트라 7세 테아 필로파토르 (기원전 69년 - 기원전 30년)",
thetwins_fall_of_rome,,쌍둥이,outsider,rome,"참가자 1명을 알고 시작합니다. 당신이나 그가 처형 당하면, 모든 마을 주민은 내일 해가 질 때까지 술에 취합니다.","한 참가자를 지목하세요. 해당 참가자 옆에 '레무스' 토큰을 놓으세요.
","낮에 쌍둥이 중 하나가 처형되어 '마을 주민 취함' 토큰이 놓인 경우, 모든 마을 주민은 해가 질 때까지 술에 취합니다.","레무스, 마을 주민 취함",,,,레무스와 로물루스 사이에 일어난 다툼은 지상의 도시가 스스로를 향해 분열되었음을 보여주었다... - 히포의 아우구스티누스 (354년 - 430년),
trumpeter_fall_of_rome,,나팔수,townsfolk,rome,"매일 밤*, 오늘 낮에 공개적으로 '스파르타쿠스' 라고 주장한 악한 참가자의 수를 알게 됩니다.",,"오늘 공개적으로 스파르타쿠스라고 주장한 악 참가자의 수(0, 1, 2 등)를 수신호로 보여주세요.",악 주장,,,,"내가 해야 할 모든 일을 했지만, 결과는 운명의 손에 달렸다. - 네로 클라우디우스 카이사르 (37년 - 68년)",
vestalvirgin_fall_of_rome,,베스타의 무녀 ,townsfolk,rome,"선과 악 캐릭터를 1개씩 알고 시작합니다. 둘 중 하나는 게임에 참여 중입니다. 참여 중인 캐릭터가 죽으면, 그날 밤 새로운 선과 악 캐릭터를 1개씩 알게 됩니다. 둘 중 하나는 게임에 참여 중입니다. ",선과 악 각각의 캐릭터 토큰을 1개씩 보여주세요: 이 중 하나가 게임에 참여 중입니다. 게임 중인 캐릭터 옆에 '깨달음' 토큰을 놓으세요.,"'깨달음' 토큰을 가진 참가자가 오늘 죽었다면, 토큰을 제거하세요. 선과 악 각각의 캐릭터 토큰을 1개씩 보여주세요: 이 중 하나가 게임에 참여 중입니다. 게임 중인 캐릭터 옆에 '깨달음' 토큰을 놓으세요.",깨달음,,,,어떤 이들은 이 베스타 신전의 처녀들이 신성한 불을 지키는 일 외에는 다른 일이 없다고 생각한다. 하지만 다른 이들은 그들이 자신들만 알고 있는 신성한 비밀들을 간직하고 있다고 여긴다. - 루키우스 메스트리우스 '플루타르코스' 플루타르쿠스 (약 49년 - 119년),
winemaker_fall_of_rome,,와인 제조자 ,outsider,rome,"당신과 이웃한 2명의 마을 주민은 술에 취합니다. 그러나 격일 밤마다(홀수 또는 짝수 밤), 당신은 해가 질 때까지 술에 취합니다. 당신이 죽더라도 동일합니다.","'홀수' 또는 '짝수' 토큰을 놓으세요. 홀수라면, 와인제조자는 첫째 밤과 그 후 격일 밤마다 술에 취합니다. 짝수라면, 와인제조자는 둘째 밤과 그 후 격일 밤마다 술에 취합니다.","어떤 '홀수' 또는 '짝수' 토큰이 놓여있는지 확인하세요. 홀수 밤이고 '홀수' 토큰이 놓여있다면, 와인제조자는 해가 질 때까지 술에 취합니다. 짝수 밤이고 '짝수' 토큰이 놓여있다면, 와인제조자는 해가 질 때까지 술에 취합니다. 그렇지 않다면 그들의 마을 주민 이웃들이 해가 질 때까지 술에 취합니다.","짝수, 홀수, 취함",,,,와인 속에 진실이 있다. - 대 플리니우스 (23년 - 79년),
voudon,,부두술사,traveler,bmr,오직 당신과 죽은 자들만 투표할 수 있습니다. 그들은 투표 토큰 없이도 투표할 수 있습니다. 50% 과반수가 필요하지 않습니다.,,,,,,,,
judge,,판사,traveler,bmr,"게임 중 한 번, 다른 참가자가 지명했다면, 현재 처형을 강제로 통과시키거나 실패시킬 수 있습니다.",,,능력 없음,,,,,
matron,,사감,traveler,bmr,"매일, 최대 3쌍의 2명의 참가자를 선택하여 자리를 바꿀 수 있습니다. 참가자들은 사적으로 대화하기 위해 자리를 떠날 수 없습니다.",,,,,,,,
alhadikhia,,알-하디키아,demon,experimental,"매일 밤*, 3명의 참가자를 선택할 수 있고 모든 참가자에게 공개됩니다. 선택된 참가자들은 각자 비밀리에 생사를 결정하지만 전부 살아남게 되면 전부 죽습니다.",,"알-하디키아가 3명의 참가자를 선택합니다. 첫 번째 참가자를 발표하고, 그들을 깨워 살기 위해 고개를 끄덕이거나 죽기 위해 고개를 흔들게 합니다. 그에 따라 죽이거나 부활시킨 후, 다시 재우고 다음 참가자를 발표합니다. 이 과정 후 3명 모두 살아있다면, 3명 모두 죽습니다.","1,2,3,죽음 선택,삶 선택",,,,,
kazali,,카잘리,demon,experimental,"매일 밤*, 참가자 한 명을 선택하세요: 그 참가자는 사망합니다. [당신이 어떤 참가자가 어떤 하수인이 될지 선택합니다. 외지인 -?, +?]","Wake the Kazali, allow them to choose Minions.",The Kazali chooses a player. ,죽음,,,,,
leviathan,,리바이어던,demon,experimental,"2명 이상의 선한 참가자가 처형되면, 당신이 승리합니다. 모든 참가자는 당신이 게임에 있다는 것을 알고 있습니다. 5일 후에는 악이 승리합니다.",리바이어던 '1일차' 표시를 놓습니다. '리바이어던이 게임에 있습니다; 이것은 1일차입니다'라고 발표합니다.,리바이어던 일차 리마인더를 다음 날로 변경합니다.,"1일차,2일차,3일차,4일차,5일차,선한 참가자 처형됨",,,,,
yaggababble,,야가바블,demon,experimental,게임 시작 시 비밀 문구를 알게 됩니다. 해당 문구를 말할 때마다 플레이어가 한 명씩 죽을 수 있습니다.,"비밀 문구를 정하고, 야가바블을 깨워 그 비밀 문구를 알려주세요.","야가바블이 오늘 그 문구를 말한 횟수만큼 당신은 참가자를 골라 죽일 수 있습니다.
",죽음,,,,"모르그 가의 살인 사건? Фальшивые новости!
바스커빌 가의 개? Фальшивые новости!
나일강의 죽음? Фальшивые новости!",
boffin,,과학자,minion,experimental,악마는 (취하거나 중독된 상태라도) 게임에 등장하지 않은 선한 캐릭터의 능력을 가집니다. 당신과 악마 둘 다 어떤 능력인지 알고 있습니다.,과학자와 악마를 깨웁니다. 게임에 등장하지 않은 선한 캐릭터 토큰을 보여줍니다. 과학자와 악마를 다시 재웁니다.,,,,,,,
boomdandy,,폭탄광,minion,experimental,"당신이 처형되면, 3명을 제외한 모든 참가자가 죽습니다. 10초 후, 가장 많은 참가자가 가리키는 참가자가 죽습니다.",,,,,,,째깍... 째깍... 째깍... 펑!,
harpy,,하피,minion,experimental,매일 밤 2명의 참가자를 선택합니다. 다음날 첫번째 참가자는 두번째 참가자가 악마라고 광적으로 설득해야 합니다. 그렇지 않으면 둘 중 한명은 죽을 수 있습니다.,,,,,,,오늘따라 하늘이 유난히도 맑구나... 내 위도 드리운 어둠의 그림자처럼 말이야,
organgrinder,,오르간 연주자,minion,experimental,모든 참가자들은 눈을 감고 투표를 해야하며 투표 결과는 비밀입니다. 매일 밤마다 자신이 술에 취했는지 아닌지를 선택합니다.,"오르간 연주자는 취하고 싶을 때는 고개를 끄덕이고, 맨정신이고 싶을 때는 고개를 젓습니다.","오르간 연주자는 취하고 싶을 때는 고개를 끄덕이고, 맨정신이고 싶을 때는 고개를 젓습니다.","처형 대상, 취함",,,,핸들이 빙글빙글 돌아가네. 춤을 더 많이 출수록 정신은 더욱 혼미해지지.,
vizier,,고관,minion,experimental,"모든 참가자들은 당신이 누구인지 알고 있습니다. 당신은 낮에는 죽지 않습니다. 선한 진영이 투표했다면, 당신은 즉시 처형을 집행할 수 있습니다.",Announce the Vizier player to the group.,,,,,,,
plaguedoctor,,역병의사,outsider,experimental,"당신이 죽을 경우, 이야기꾼은 하수인의 능력을 하나 얻습니다.",,"역병의사가 사망한 경우, 역병의사의 캐릭터 토큰을 게임에 참여하지 않은 하수인 토큰으로 교체하고, '역병의사임' 알림 토큰을 함께 배치합니다 (해당 플레이어는 여전히 선한 역병의사로 간주됩니다). 이후 이 하수인이 원래 능력을 사용할 차례가 되면, 이야기꾼이 관련 선택을 합니다.",역병의사임,,,,"긴장하지 말고 움직이지 마세요. 회복하는데 시간이 필요해요. 두려워하지 마세요, 몰약을 바르겠습니다.",
hatter,,모자장수,outsider,experimental,오늘 낮이나 밤에 죽으면 하수인과 악마 참가자들은 각자 같은 유형의 새로운 캐릭터를 선택할 수 있습니다.,,"모자장수에게 '오늘 밤 다과회' 표식이 있다면: 하수인과 악마 플레이어들을 깨웁니다. '이 캐릭터가 당신을 선택했습니다' 정보 토큰을 보여준 뒤, 모자장수 토큰을 보여줍니다. 각 플레이어는 고개를 젓거나 현재 자신과 같은 유형의 다른 캐릭터를 가리킵니다. 만약 어떤 플레이어가 이미 다른 플레이어가 선택한 캐릭터를 고른다면, 고개를 저으며 다시 선택하도록 안내합니다. 그 후 플레이어들을 재웁니다. '오늘 밤 다과회' 표식을 제거하고, 각 플레이어의 캐릭터를 그들이 선택한 것으로 변경합니다.",오늘 밤 다과회,,,,One Hat. Too Hat. Three Hat. Tea Hat. Fore Hat. Thrive Hat. Six Hat. Sticks Hat.,
zealot,,광신도,outsider,experimental,"5명 이상의 참가자 살아있을 경우, 모든 지명에 대해 찬성해야 합니다.",,,,,,,,
acrobat,,곡예사,townsfolk,experimental,"매일 밤*, 선한 살아있는 이웃 중 하나라도 술에 취했거나 중독되었다면, 당신은 죽습니다.",,"만약 선한 살아있는 이웃이 술에 취했거나 중독되었다면, 곡예사 참가자는 죽습니다.",사망,,,,,
alchemist,,연금술사,townsfolk,experimental,"하수인 능력 하나를 갖습니다. 해당 능력 사용 시, 이야기꾼이 다른 선택을 하도록 요청할 수 있습니다.",YOU ARE' 토큰과 하수인 토큰을 보여줍니다.,,,연금술사임,,,,
amnesiac,,기억상실자,townsfolk,experimental,"당신은 자신의 능력이 무엇인지 모릅니다. 매일, 비공개로 자신의 능력이 무엇인지 추측하세요: 당신은 얼마나 정확한지 알게 됩니다.",기억상실자의 전체 능력을 결정하세요. 만약 기억상실자의 능력으로 인해 오늘 밤 깨어나야 한다면: 기억상실자를 깨우고 그들의 능력을 실행하세요.,만약 기억상실자의 능력으로 인해 오늘 밤 깨어나야 한다면: 기억상실자를 깨우고 그들의 능력을 실행하세요.,?,,,,,
atheist,,무신론자,townsfolk,experimental,"이야기꾼은 게임 규칙을 깰 수 있으며, 당신이 처형되면 당신이 죽었더라도 선이 승리합니다 [악한 캐릭터 없음]",,,,,,,,
balloonist,,기구조종사,townsfolk,experimental,"매일 밤, 당신은 전날 밤과 다른 유형의 캐릭터인 참가자를 알게 됩니다. [외지인 +0 또는 +1]",임의의 참가자를 보여줍니다.,이전에 보여준 캐릭터 유형과 다른 유형의 참가자를 보여줍니다.,어제확인,,,,,
banshee,,밴시,townsfolk,experimental,"악마에게 죽으면, 모든 참가자가 이를 알게 됩니다. 이후 하루에 2번 지명하고, 지명당 2표를 행사할 수 있습니다.",,,,,,,,
bountyhunter,,현상금 사냥꾼,townsfolk,experimental,"당신은 처음에 1명의 악한 참가자를 알고 시작합니다. 당신이 알고 있는 참가자가 죽으면, 오늘 밤 다른 악한 참가자를 알게 됩니다. [1명의 마을 주민이 악합니다]",1명의 악한 참가자를 가리킵니다. 악한 마을 주민을 깨우고 '당신은' 카드와 엄지 아래로 향한 악한 표시를 보여줍니다.,"알고 있던 악한 참가자가 죽었다면, 다른 악한 참가자를 가리킵니다.",알고 있음,,,,,
lycanthrope,,늑대인간,townsfolk,experimental,"매일 밤*, 살아있는 참가자 중 한 명을 선택합니다. 그 사람이 선하다면 죽고, 악마는 오늘밤 죽일 수 없습니다. 선한 참가자 중 한 명이 모두에게 악팀으로 간주됩니다.",선한 참가자 한 명에게 '악으로 간주' 토큰을 놓습니다.,"늑대인간이 살아있는 참가자를 가리킵니다: 선하다면, 그들은 죽고 오늘 밤 다른 누구도 죽을 수 없습니다.","사망, 악으로 간주",,,,문명이라는 얇은 막 아래에는 광기가 울부짖고 있다.,
nightwatchman,,야간 경비대,townsfolk,experimental,"게임 중 한 번, 밤에 참가자 한 명을 선택합니다: 그들은 당신이 누구인지 알게 됩니다.","야간 경비대가 참가자를 가리킬 수 있습니다. 그 참가자를 깨우고, '이 캐릭터가 당신을 선택했습니다' 카드와 야간 경비대 토큰을 보여준 다음, 야간 경비대 참가자를 가리킵니다.","야간 경비대가 참가자를 가리킬 수 있습니다. 그 참가자를 깨우고, '이 캐릭터가 당신을 선택했습니다' 카드와 야간 경비대 토큰을 보여준 다음, 야간 경비대 참가자를 가리킵니다.",능력 없음,,,,,
puzzlemaster,,퍼즐마스터,townsfolk,experimental,"1명의 참가자가 술에 취해 있습니다, 당신이 죽어도 마찬가지입니다. 그가 누구인지 (한 번) 맞추면, 악마 참가자를 알게 되지만, 틀리면 거짓 정보를 얻습니다.",,,"술취함,추측 사용됨",,,,,
shugenja,,슈겐자,townsfolk,experimental,"게임 시작 시 가장 가까운 악한 참가자가 시계 방향으로 있는지 반시계 방향으로 있는지 알고 시작합니다. 만약 양쪽 거리가 동일하다면, 이 정보는 임의로 정해집니다.",,,,,,,"이것도 꿈, 저것도 꿈, 모든 것이 꿈일지니...",
villageidiot,,마을바보,townsfolk,experimental,"매일 밤, 참가자 한 명을 선택하세요: 당신은 그 참가자의 진영을 알게 됩니다. [마을 바보 +0~2. 추가된 바보 중 1명은 취함]","Choose a Village Idiot to be drunk. Wake the Village Idiots one at a time, they choose a player, show either good or evil thumbs according to the alignment of that player.","Wake the Village Idiots one at a time, they choose a player, show either good or evil thumbs according to the alignment of that player.",취함,,,,,
steward,,관리인,townsfolk,experimental,게임 시작 시 선한 참가자 1명을 알고 시작합니다.,Point to the good player marked ,,알고있음,,,,,
cannibal,,식인종,,experimental,"당신은 최근 처형된 사람의 능력을 가집니다. 그 사람이 악하다면, 선한 참가자가 처형으로 죽을 때까지 당신은 중독됩니다.",,,"중독됨,오늘 사망",,,,,
choirboy,,성가대 소년,,experimental,"악마가 왕을 죽이면, 당신은 어떤 참가자가 악마인지 알게 됩니다. [+ 왕]",,"왕이 악마에 의해 죽었다면, 성가대 소년을 깨우고 악마 참가자를 가리킵니다.",,,,,,
cultleader,,사이비교주,,experimental,"매일 밤, 당신은 살아있는 이웃의 진영이 됩니다. 모든 선한 참가자가 당신의 이교도에 합류하기로 선택하면, 당신의 팀이 승리합니다.","사이비교주의 진영이 바뀌었다면, 그에 따라 엄지 위로 선한 신호 또는 엄지 아래로 악한 신호를 보여줍니다.","사이비교주의 진영이 바뀌었다면, 그에 따라 엄지 위로 선한 신호 또는 엄지 아래로 악한 신호를 보여줍니다.",,,,,,
damsel,,아가씨,,experimental,"모든 하수인은 당신이 게임에 있다는 것을 알고 있습니다. 하수인이 공개적으로 당신을 맞추면(한 번), 당신의 팀이 패배합니다.","모든 하수인을 깨우고, '이 캐릭터가 당신을 선택했습니다' 카드와 아가씨 토큰을 보여줍니다.","사냥꾼에 의해 선택되었다면, 아가씨를 깨우고 '당신은' 카드와 게임에 없는 마을 주민 토큰을 보여줍니다.",추측 사용됨,,,,,
engineer,,기술자,,experimental,"게임당 한 번, 밤에 악마나 하수인의 캐릭터를 변경할 수 있습니다.","기술자가 '아니오' 머리 신호를 보이거나, 악마를 가리키거나, 관련된 수의 하수인을 가리킵니다. 기술자가 캐릭터를 선택했다면, 악마나 하수인을 선택한 것으로 교체한 다음, 관련 참가자들을 깨워 '당신은' 카드와 관련 캐릭터 토큰을 보여줍니다.","기술자가 '아니오' 머리 신호를 보이거나, 악마를 가리키거나, 관련된 수의 하수인을 가리킵니다. 기술자가 캐릭터를 선택했다면, 악마나 하수인을 선택한 것으로 교체한 다음, 관련 참가자들을 깨워 '당신은' 카드와 관련 캐릭터 토큰을 보여줍니다.",능력 없음,,,,"구부러지면 좋고, 부서지면? 뭐, 어차피 고쳐야 했을 거예요.",
farmer,,농부,,experimental,"당신이 밤에 죽으면, 살아있는 선한 참가자 한 명이 농부가 됩니다.",,"농부가 오늘 밤 죽었다면, 다른 선한 참가자를 선택하여 농부로 만듭니다. 이 참가자를 깨우고, '당신은' 카드와 농부 캐릭터 토큰을 보여줍니다.",,,,,,
fearmonger,,공포조장가,,experimental,"매일 밤, 참가자 한 명을 선택합니다. 당신이 그들을 지명하고 처형하면, 그들의 팀이 패배합니다. 당신이 새로운 참가자를 선택하면 모든 참가자가 알게 됩니다.",공포조장가가 참가자를 가리킵니다. 그 참가자 옆에 공포 토큰을 놓고 공포조장가 능력으로 새로운 참가자가 선택되었음을 알립니다.,"공포조장가가 참가자를 가리킵니다. 전날 밤과 다르다면, 그 참가자 옆에 공포 토큰을 놓고 공포조장가 능력으로 새로운 참가자가 선택되었음을 알립니다.",공포,,,,,
fisherman,,어부,,experimental,"게임 중 한 번, 낮 동안 이야기꾼을 방문하여 승리를 돕는 조언을 얻을 수 있습니다.",,,능력 없음,,,,,
gangster,,갱스터,,experimental,"하루에 한 번, 다른 살아있는 이웃이 동의한다면 살아있는 이웃 한 명을 죽일 수 있습니다.",,,,,,,,
general,,장군,,experimental,"매일 밤, 이야기꾼이 어느 진영이 이기고 있다고 생각하는지 알게 됩니다: 선, 악, 또는 어느 쪽도 아님.","장군에게 선이 이기고 있다면 엄지 위로, 악이 이기고 있다면 엄지 아래로, 어느 쪽도 아니라면 엄지를 옆으로 보여줍니다.","장군에게 선이 이기고 있다면 엄지 위로, 악이 이기고 있다면 엄지 아래로, 어느 쪽도 아니라면 엄지를 옆으로 보여줍니다.",,,,,,
goblin,,고블린,,experimental,"당신이 지명되었을 때 공개적으로 자신이 고블린이라고 주장하고 그 날 처형된다면, 당신의 팀이 승리합니다.",,,주장함,,,,,
golem,,골렘,,experimental,"게임 중 한 번만 지명할 수 있습니다. 지명할 때, 지명된 사람이 악마가 아니라면 그들은 죽습니다.",,,지명할 수 없음,,,,,
heretic,,이단자,,experimental,"승리하는 쪽이 패배하고, 패배하는 쪽이 승리합니다. 당신이 죽어도 마찬가지입니다.",,,,,,,,
highpriestess,,고위여사제,,experimental,"매일 밤, 당신이 가장 많이 대화를 나눠야 할 참가자를 이야기꾼이 알려줍니다.",,,,,,,,
huntsman,,사냥꾼,,experimental,"게임 중 한 번, 밤에 살아있는 참가자 한 명을 선택합니다: 아가씨가 선택되면, 게임에 없는 마을 주민이 됩니다. [+아가씨]","사냥꾼이 고개를 '아니오'로 젓거나 참가자를 가리킵니다. 아가씨를 가리켰다면, 그 참가자를 깨우고 '당신은' 카드와 게임에 없는 캐릭터 토큰을 보여줍니다.","사냥꾼이 고개를 '아니오'로 젓거나 참가자를 가리킵니다. 아가씨를 가리켰다면, 그 참가자를 깨우고 '당신은' 카드와 게임에 없는 캐릭터 토큰을 보여줍니다.",능력 없음,,,,,
king,,왕,,experimental,"매일 밤, 만약 죽은 자가 산 자보다 많다면, 당신은 살아있는 캐릭터 1개를 알게 됩니다. 악마는 당신이 누구인지 알고 있습니다.","악마를 깨우고, '이 캐릭터가 당신을 선택했습니다' 카드를 보여주고, 왕 토큰을 보여준 다음 왕 참가자를 가리킵니다.","죽은 자가 산 자보다 많다면, 왕에게 살아있는 참가자의 캐릭터 토큰을 보여줍니다.",,,,,,
knight,,기사,,experimental,악마가 아닌 2명의 참가자를 알고 시작합니다.,,,,,,,,
legion,,군단,,experimental,"매일 밤*, 참가자 한 명이 죽을 수 있습니다. 오직 악한 세력만 투표했다면 처형은 실패합니다. 당신은 하수인으로 보일 수 있습니다. [대부분의 참가자가 군단이 됨]",,"참가자 한 명을 선택합니다, 그 참가자는 죽습니다.","사망,곧 사망",,,,,
lilmonsta,,릴'몬스타,,experimental,"매일 밤, 하수인들은 누가 릴'몬스타의 토큰을 돌볼지와 '악마가 될지'를 선택합니다. 매일 밤* 한 참가자가 죽습니다. [하수인 +1]","모든 하수인을 함께 깨우고, 누가 릴'몬스타를 돌볼지 가리켜 투표하도록 합니다.","모든 하수인을 함께 깨우고, 누가 릴'몬스타를 돌볼지 가리켜 투표하도록 합니다. 참가자 한 명을 선택합니다, 그 참가자는 죽습니다.",,"악마임,사망",,,,
lleech,,거거머리,,experimental,"매일 밤*, 참가자 한 명을 선택해 죽입니다. 게임 시작 시 살아있는 참가자 한 명을 선택해 숙주로 만들고 중독시킵니다. 숙주가 살아있으면 죽지 않고, 숙주가 죽으면 같이 죽습니다.",거거머리가 참가자를 가리킵니다. 중독 리마인더 토큰을 놓습니다.,거거머리가 참가자를 가리킵니다. 그 참가자는 죽습니다.,"사망,중독됨",,,,,
lordoftyphon,,티폰의 군주,,experimental,"매일 밤*, 참가자 한 명을 지목하면 그 참가자가 사망합니다. [악마 진영은 모두 나란히 앉아있고, 당신이 그들 가운데 위치합니다. 하수인이 1명 추가되며, 외지인 수가 늘어나거나 줄어들 수 있습니다.]","티폰의 군주의 양옆 참가자들을 하수인으로 교체하고, 그들을 깨워 새로운 진영과 직업을 알려준 뒤, 하수인 정보를 전달합니다.",티폰의 군주는 참가자를 선택합니다.,사망,,,,,
magician,,마술사,,experimental,악마는 당신을 하수인으로 생각합니다. 하수인들은 당신을 악마로 생각합니다.,,,,,,,,
marionette,,꼭두각시,,experimental,당신은 자신이 선한 캐릭터라고 생각하지만 그렇지 않습니다. 악마는 당신이 누구인지 알고 있습니다. [당신은 악마와 이웃합니다],악마 옆의 선한 참가자 중 한 명을 선택하고 꼭두각시임 리마인더 토큰을 놓습니다. 악마를 깨우고 그들에게 꼭두각시를 보여줍니다.,,,꼭두각시임,,,,
mezepheles,,메제펠레스,,experimental,당신은 처음에 비밀 단어를 알고 시작합니다. 이 단어를 말하는 첫 번째 선한 참가자는 그날 밤 악한 세력이 됩니다.,메제펠레스에게 그들의 비밀 단어를 보여줍니다.,메제펠레스의 비밀 단어를 말한 첫 번째 선한 참가자를 깨우고 '당신은' 카드와 엄지 아래로 악한 신호를 보여줍니다.,"악해짐,능력 없음",,,,,
noble,,귀족,,experimental,"당신은 처음에 3명의 참가자를 알고 시작하며, 그 중 오직 1명만이 악합니다.",특정 순서 없이 1명의 악한 참가자를 포함한 3명의 참가자를 가리킵니다.,,본,,,,,
ogre,,오우거,outsider,experimental,"첫날 밤, 자신 외의 참가자 한 명을 선택합니다. 어느 쪽인지 모른 채 그와 같은 진영이 되며, 취하거나 중독되어도 이 능력은 반드시 적용됩니다.",,,친구,,,,,
ojo,,오호,,experimental,"매일 밤* 한 명의 캐릭터를 선택하면 그 캐릭터는 사망합니다. 만약 선택한 캐릭터가 게임에 없다면, 이야기꾼이 누가 사망할지 결정합니다.",,,,,,,"달빛 없는 밤의 모닥불처럼... 난 너를 보고 있다, 필멸자여.","ojo(오호)는 스페인어로 '눈(eye)'을 의미합니다. 캐릭터의 배경 설명에 등장하는 모닥불과 연관 지어, 오호의 캐릭터 아이콘은 불타오르는 눈동자의 모습을 하고 있습니다."
pixie,,픽시,,experimental,"당신은 처음에 게임에 있는 마을 주민 1명을 알고 시작합니다. 당신이 이 캐릭터라고 미쳐 있었다면, 그들이 죽을 때 그들의 능력을 얻습니다.",픽시에게 게임에 있는 마을 주민 캐릭터 토큰 1개를 보여줍니다.,,"미침,능력 있음",,,,,
politician,,정치인,,experimental,"당신이 팀의 패배에 가장 큰 책임이 있는 참가자였다면, 당신은 진영을 바꾸고 승리합니다, 죽었더라도 마찬가지입니다.",,,,,,,,
poppygrower,,양귀비 재배자,,experimental,"하수인들과 악마는 서로를 모릅니다. 당신이 죽으면, 그들은 그 날 밤 서로가 누구인지 알게 됩니다.",악마/하수인들에게 서로가 누구인지 알리지 마세요,"양귀비 재배자가 죽었다면, 하수인들/악마에게 서로가 누구인지 보여줍니다.",악이 깨어남,,,,,
preacher,,설교자,,experimental,"매일 밤, 참가자 한 명을 선택합니다: 선택된 하수인은 이것을 알게 됩니다. 선택된 모든 하수인들은 능력이 없습니다.","설교자가 참가자를 선택합니다. 하수인이 선택되면, 하수인을 깨우고 '이 캐릭터가 당신을 선택했습니다' 카드를 보여준 다음 설교자 토큰을 보여줍니다.","설교자가 참가자를 선택합니다. 하수인이 선택되면, 하수인을 깨우고 '이 캐릭터가 당신을 선택했습니다' 카드를 보여준 다음 설교자 토큰을 보여줍니다.",설교 중,,,,,
psychopath,,사이코패스,,experimental,"매일, 지명 전에 공개적으로 참가자 한 명을 선택할 수 있습니다: 그들은 죽습니다. 처형되면, 가위바위보에서 질 때만 죽습니다.",,,,,,,,
riot,,폭동,,experimental,"3일차에 하수인들이 폭동으로 변합니다. 지명된 사람들은 사망하지만, 그 즉시 살아있는 다른 참가자를 지명해야 합니다. 지명은 무조건 이뤄져야 합니다.",,,,,,,,
snitch,,밀고자,,experimental,하수인들은 처음에 게임에 없는 캐릭터 3개를 알고 시작합니다.,하수인 정보 후 각 하수인을 깨우고 게임에 없는 캐릭터 토큰 3개를 보여줍니다. 이들은 서로 같거나 다를 수 있으며,악마에게 보여준 것과도 같거나 다를 수 있습니다.,,,,,,
summoner,,소환사,,experimental,게임에 참가하지 않는 직업 3개를 알고 시작합니다. 3번째 밤에 참가자를 선택해서 원하는 악마로 만들 수 있습니다. [악마 없음],,,,,,,,
widow,,과부,,experimental,첫날밤 그리모어를 보고 한 명을 선택해서 중독시킵니다. 1명의 선한 참가자는 과부가 게임에 있다는 것을 알고 시작합니다.,"과부에게 필요한 만큼 오래 그리모어를 보여줍니다. 과부가 참가자를 가리킵니다. 그 참가자는 중독됩니다. 선한 참가자 한 명을 깨웁니다. '이 캐릭터들이 게임에 있습니다' 카드를 보여준 다음, 과부 캐릭터 토큰을 보여줍니다.",,중독됨,알고 있음,,,,
minion_info,,하수인 정보,,info,,"7명 이상의 플레이어가 있을 때, 모든 하수인들을 깨워서 ""악마임"" 토큰을 보여주고 악마를 가리킵니다. ""하수인들임"" 토큰을 보여주고 다른 하수인들을 가리킵니다.",,,,13,,,
demon_info,,악마 정보,,info,,"7명 이상의 플레이어가 있을 때, 악마를 깨워서 ""하수인들임"" 토큰을 보여주고 모든 하수인들을 가리킵니다. ""이 캐릭터들은 게임에 없음"" 토큰을 보여주고 게임에 포함되지 않은 선한 캐릭터 토큰 3개를 보여줍니다.",,,,17,,,
fanggu,,팡구,demon,snv,"매일 밤* 한 명을 선택해 죽입니다. 이 능력으로 외지인을 처음 죽이면, 그 외지인은 사악한 팡구로 변하고 당신이 대신 죽습니다. [외지인 +1]",,"팡구가 참가자를 가리킵니다. 그 참가자는 죽습니다. 또는, 그 참가자가 외지인이고 다른 팡구가 게임에 없다면: 팡구가 선택된 참가자 대신 죽습니다. 선택된 참가자는 이제 악한 팡구가 됩니다. 새로운 팡구를 깨웁니다. '당신은' 카드를 보여준 다음 팡구 토큰을 보여줍니다. '당신은' 카드를 보여준 다음 엄지 아래로 '악한' 손 신호를 보여줍니다.","사망,한 번",,,,네가 가진 그 높은 성벽과 예리한 무기들은 그저 허망하게 사라질 물거품에 불과하다.,
nodashii,,노다시,demon,snv,매일 밤* 한 명을 선택해 죽입니다. 당신과 인접한 두 명의 마을 주민은 중독 상태가 됩니다.,,노다시가 참가자를 가리킵니다. 그 참가자는 죽습니다.,"사망, 중독됨, 중독됨",,,,"아르노크의 죄악으로, 나는 네 썩은 악취를 느낀다. 저주받은 태양과 그 아래 히죽거리는 작은 신들의 군단으로, 나는 너를 타락시키리라. 축복받은 밤과 끔찍하고 신성하지 못한 바다의 깊은 심연으로, 나는 이 세상에서 네 비천한 생명을 끝내리라.",
vigormortis,,비거모티스,demon,snv,"매일 밤* 한 명을 선택해 죽입니다. 당신이 죽인 하수인은 자신의 능력을 유지하며, 그와 이웃한 마을 주민 중 한 명이 중독됩니다. [외지인 -1]
",,"비거모티스가 참가자를 가리킵니다. 그 참가자는 죽습니다. 하수인이라면, 그들은 능력을 유지하고 그들의 마을 주민 이웃 중 한 명이 중독됩니다.","사망,능력 있음,중독됨",,,,"모든 문은 하나의 문이요, 모든 열쇠는 하나의 열쇠라. 모든 잔 또한 하나의 잔이나, 내가 주는 물을 마시는 자는 영원히 목마르지 아니하리니, 그 물은 그 안에서 영생으로 솟아나는 샘물이 되리라.",
vortox,,볼톡스,demon,snv,매일 밤* 한 명을 선택해 죽입니다. 마을 주민의 능력은 거짓 정보만 제공합니다. 매일 아무도 처형되지 않으면 악이 승리합니다.,,볼톡스가 참가자를 가리킵니다. 그 참가자는 죽습니다.,사망,,,,"흑백이 뒤바뀌고, 옳고 그름이 사라지며 좌우가 뒤섞여, 길고 짧음도 분간할 수 없네.
모든 것이 혼돈 속에 빠져 길을 잃었으니 눈앞의 진실조차 보이지 않으리라.
답을 찾으려 하느냐? 나를 따르라...",
cerenovus,,세레노부스,minion,snv,"매일 밤, 한 명의 참가자와 선한 진영의 캐릭터 하나를 지정합니다. 지정된 참가자는 다음날 광적으로 자신이 그 캐릭터라고 다른 이들을 설득해야 하며, 그러지 않으면 처형될 수 있습니다.","세레노부스가 참가자를 가리키고, 그 다음 자신의 시트에서 캐릭터를 가리킵니다. 그 참가자를 깨웁니다. '이 캐릭터가 당신을 선택했습니다' 카드를 보여준 다음, 세레노부스 토큰을 보여줍니다. 선택된 캐릭터 토큰을 보여줍니다. 참가자가 내일 그 캐릭터처럼 행동하지 않으면, 그들은 처형될 수 있습니다.","세레노부스가 참가자를 가리키고, 그 다음 자신의 시트에서 캐릭터를 가리킵니다. 그 참가자를 깨웁니다. '이 캐릭터가 당신을 선택했습니다' 카드를 보여준 다음, 세레노부스 토큰을 보여줍니다. 선택된 캐릭터 토큰을 보여줍니다. 참가자가 내일 그 캐릭터라고 미치지 않으면, 그들은 처형될 수 있습니다.",미침,,,,"이른바 현실이란 건 말이지, 그저 하나의 생각에 지나지 않아. 좀 더 구체적으로 말하자면... 바로 내 생각이라는 거지",
eviltwin,,악한 쌍둥이,minion,snv,당신과 상대 진영의 한 참가자는 서로의 정체를 알고 시작합니다. 선한 진영의 쌍둥이가 처형되면 악한 진영이 승리합니다. 두 쌍둥이가 모두 살아있는 한 선한 진영은 승리할 수 없습니다.,악한 쌍둥이와 그의 쌍둥이를 깨웁니다. 서로를 인식했는지 확인합니다. 악한 쌍둥이를 가리킵니다. 쌍둥이 참가자에게 그들의 악한 쌍둥이 토큰을 보여줍니다. 쌍둥이를 가리킵니다. 악한 쌍둥이 참가자에게 그들의 캐릭터 토큰을 보여줍니다.,,쌍둥이,,,,"저는 사라가 아니라니까요! 전 클라라예요! 저기 있는 저 여자가 사라라구요! 사라가 사악한 사람이에요, 제가 아니고!",
pithag,,곰보할멈,minion,snv,"매일 밤*, 참가자 한 명을 선택해 게임에 없는 다른 직업으로 바꿀 수 있습니다. 만약 이 능력으로 악마가 새로 만들어진다면, 그날 밤 누가 죽을지는 이야기꾼이 정합니다.",,"곰보할멈이 참가자와 시트의 캐릭터를 가리킵니다. 이 캐릭터가 게임에 없다면, 그 참가자를 깨우고 '당신은' 카드와 관련 캐릭터 토큰을 보여줍니다. 캐릭터가 게임에 있다면, 아무 일도 일어나지 않습니다.",,,,,"솥을 돌아가며, 독 찬 내장을 던지자. 차가운 돌 밑에서 삼십일 일을 잠든 두꺼비, 수면 중에 흘린 독을 이 마법의 솥에 제일 먼저 넣자.",
witch,,마녀,minion,snv,"매일 밤 한 명을 선택해 저주합니다. 저주받은 자가 다음날 누군가를 지명하면 죽습니다. 단, 생존자가 3명일 경우 능력을 잃습니다.",마녀가 참가자를 가리킵니다. 그 참가자가 내일 지명하면 즉시 죽습니다.,4명 이상의 참가자가 살아있다면: 마녀가 참가자를 가리킵니다. 그 참가자가 내일 지명하면 즉시 죽습니다.,저주받음,,,,"염소의 피 세 방울과 증오가 서린 머리카락 한 줌. 이름을 부르면 그림자가 드리우리니, 가시덤불 길을 왼발부터 내딛되 뒤돌아보지 마라.",
barber,,이발사,outsider,snv,"당신이 낮이나 밤에 사망하면, 악마는 다른 악마를 제외한 두 명의 참가자를 선택해 그들의 역할을 바꿀 수 있습니다.
",,이발사가 오늘 죽었다면: 악마를 깨웁니다. '이 캐릭터가 당신을 선택했습니다' 카드를 보여준 다음 이발사 토큰을 보여줍니다. 악마는 '아니오' 머리 신호를 보이거나 2명의 참가자를 가리킵니다. 참가자들을 선택했다면: 캐릭터 토큰을 교환합니다. 각 참가자를 깨웁니다. '당신은'을 보여준 다음 그들의 새 캐릭터 토큰을 보여줍니다.,오늘 밤 이발,,,,"있잖아, 옛날엔 이발사랑 외과의가 같은 직업이었다는 거 알았어? 몰랐다고? 자, 이제 알게 됐네.",
klutz,,얼뜨기,outsider,snv,"당신이 죽었다는 것을 알게 되면, 살아있는 참가자 한 명을 공개적으로 지목해야 합니다. 만약 지목한 사람이 악의 세력이라면, 당신의 진영이 패배합니다.",,,,,,,아이고!,
mutant,,돌연변이,outsider,snv,외지인이라는 사실을 밝힐 경우 처형당할 수 있습니다.,,,,,,,나는 괴물이 아니에요! 나도 사람이라구요! 제발 자비를...!,
sweetheart,,연인,outsider,snv,당신이 사망하면 한 명의 참가자가 그 이후로 취한 상태가 됩니다.,,술에 취한 참가자를 선택합니다.,취함,,,,그녀를 절대 잊을 수 없을 거야... 절대로...,
philosopher,,철학자,townsfolk,snv,"게임 중 한 번, 밤에 선한 캐릭터 하나를 선택하여 그 능력을 얻습니다. 만약 해당 캐릭터가 게임에 참여 중이라면, 그 캐릭터는 취한 상태가 됩니다.","철학자가 '아니오' 머리 신호를 보이거나, 자신의 시트에서 선한 캐릭터를 가리킵니다. 캐릭터를 선택했다면: 게임에 없는 캐릭터 토큰을 철학자 토큰과 교체합니다. 또는, 그 캐릭터가 게임에 있다면, 그 참가자에게 술취함 표시를 하고 철학자에게 철학자가 아님 토큰을 놓습니다.","철학자가 아직 능력을 사용하지 않았다면: 철학자가 '아니오' 머리 신호를 보이거나, 자신의 시트에서 선한 캐릭터를 가리킵니다. 캐릭터를 선택했다면: 게임에 없는 캐릭터 토큰을 철학자 토큰과 교체합니다. 또는, 그 캐릭터가 게임에 있다면, 그 참가자에게 술취함 표시를 하고 철학자에게 철학자가 아님 토큰을 놓습니다.",,"술취함,철학자임",18,11,"진실이 무엇이냐 묻는다면? 그건 바로 맥주지. 마음껏 마시세나, 내일이면 우리 모두 죽을지도 모르니까.",
snakecharmer,,뱀 조련사,townsfolk,snv,"매일 밤 생존자 중 한 명을 선택합니다. 만약 악마를 선택하면, 당신과 악마는 서로의 직업과 진영을 바꾸고 악마였던 사람은 중독 상태가 됩니다.",뱀 조련사가 참가자를 가리킵니다. 그 참가자가 악마라면: 악마와 뱀 조련사의 캐릭터와 진영을 바꿉니다. 각 참가자를 깨워 그들의 새로운 역할과 진영을 알립니다. 새로운 뱀 조련사는 중독됩니다.,뱀 조련사가 참가자를 가리킵니다. 그 참가자가 악마라면: 악마와 뱀 조련사의 캐릭터와 진영을 바꿉니다. 각 참가자를 깨워 그들의 새로운 역할과 진영을 알립니다. 새로운 뱀 조련사는 중독됩니다.,중독됨,,20,,"나리, 비록 제가 보잘것없는 사람이지만, 이 황금 피리 한 곡조면 아무리 사나운 정령도 길들일 수 있지요. 그저 신의 뜻대로 할 뿐입니다. 세상 사람들은 욕심이 과하면 화를 부른다고 하지만... 저는 절대 아닙니다, 나리, 저는 절대 아니에요.",
artist,,예술가,townsfolk,snv,"게임에서 단 한 번, 낮 동안 이야기꾼에게 비밀리에 예/아니오로 답할 수 있는 질문을 할 수 있습니다.",,,능력 없음,,,,"오 마이 갓! 이건 진짜 브릴리언트하군! 내 이번 작품은... 어떻게 말해야 되나... 아, 그래! 쏘 펄펙트! 아트의 신이 깃들었어! 예스!",
clockmaker,,시계공,townsfolk,snv,첫날 밤 악마와 가장 가까운 하수인 사이의 거리를 알 수 있습니다. (바로 옆자리는 1),"악마에서 가장 가까운 하수인까지의 거리에 대한 손 신호(1, 2, 3 등)를 보여줍니다.",,,,,,"날 방해하지 마시오. 시계의 째깍거림은 멈춰서는 안 되오. 시계의 순환은 생명 그 자체요, 이 신성한 장치 안에는 세상의 모든 것과 모든 답이 담겨 있는 법이니. 이제 일을 해야겠소.",
dreamer,,몽상가,townsfolk,snv,"매일 밤, 여행자와 당신을 제외한 사람 중 한 명을 선택하면 선한 캐릭터 하나와 악한 캐릭터 하나를 알 수 있습니다. 그중 하나가 그 사람의 진짜 정체입니다.",몽상가가 참가자를 가리킵니다. 1개의 선한 캐릭터 토큰과 1개의 악한 캐릭터 토큰을 보여줍니다; 이 중 하나가 맞습니다.,몽상가가 참가자를 가리킵니다. 1개의 선한 캐릭터 토큰과 1개의 악한 캐릭터 토큰을 보여줍니다; 이 중 하나가 맞습니다.,,,,,"난 시계공을 기억한다. 하늘은 붉었고, 기괴한 삼각형들이 비처럼 쏟아져 내렸다. 제비꽃 향기와 거품이 끓어오르는 소리가 났다. 새하얀 눈동자를 빛내며 덥수룩한 수염을 한 여자가 하늘을 향해 쉭쉭거렸다. 그리고 난... 깨어났다.",
flowergirl,,꽃파는 소녀,townsfolk,snv,"매일 밤* 당신은 악마가 오늘 투표에 참여했는지 알 수 있습니다.
",,"악마가 오늘 투표했다면 고개를 끄덕이고, 그렇지 않으면 고개를 젓습니다. '악마 투표하지 않음' 표시를 놓습니다('악마 투표함' 표시가 있다면 제거합니다).","악마 투표함,악마 투표하지 않음",,,,"어제의 제비꽃은 시들었지만, 오늘은 양귀비가 피어났어요.",
juggler,,저글링 장인,townsfolk,snv,첫날 다른 참가자들의 직업을 최대 5번까지 공개적으로 추측할 수 있습니다. 그날 밤 몇 개가 맞았는지 알 수 있습니다.,,"오늘이 저글러의 첫째 날이었다면: '맞음' 표시의 수에 대한 손 신호(0, 1, 2 등)를 보여줍니다. 표시를 제거합니다.",맞음,,,,"요청하신 다음 공연을 위해서는 꽃 한 송이, 콩 한 주머니, 장난감 뱀, 붓, 그리고 가솔린 엔진이 달린 잔디깍기가 필요하겠습니다. 미리 경고드리자면... 이번이 제 마지막 공연이 될지도 모르겠네요. 아하하..",
mathematician,,수학자,townsfolk,snv,"매일 밤, 다른 이의 능력으로 인해 능력이 비정상적으로 작동한 참가자의 수를 알 수 있습니다. (그 날 새벽부터 계산)","다른 능력으로 인해 오작동한 참가자 수에 대한 손 신호(0, 1, 2 등)를 보여줍니다.","다른 능력으로 인해 오작동한 참가자 수에 대한 손 신호(0, 1, 2 등)를 보여줍니다.",비정상,,,,"어떤 논리 체계 x든, 기본적인 산술을 담을 수 있다면 반드시 불완전하다네. 즉, 그 체계로는 증명도 반증도 불가능한 명제들이 존재한다는 뜻이지. 고로, 자네는 취했어.",
oracle,,예언자,townsfolk,snv,"매일 밤*, 사망한 참가자 중 몇 명이 악한 진영인지 알 수 있습니다.",,"죽은 악한 참가자 수에 대한 손 신호(0, 1, 2 등)를 보여줍니다.",,,,,오직 선택받은 자만이 장막 너머를 볼 수 있노라. 죽은 자들이 안식을 찾지 못하고... 그들은 말없이 차가운 북쪽을 가리키고 있다.,
sage,,현자,townsfolk,snv,밤에 악마에게 죽임을 당하면 깨어나서 두 명의 참가자를 알게 됩니다. 그중 한 명이 당신을 죽인 악마입니다.,,"현자가 악마에 의해 죽었다면: 두 명의 참가자를 가리킵니다, 그 중 한 명이 그 악마입니다.",,,,,"이 방대한 서적들 속에 비밀이 숨겨져 있다는 걸 확신하네! 글자와 글자 사이에 그 답이 숨어있을 터이니. 이봐 젊은이, 촛불을 더 가져오게! 잉크도 더 필요하네! 이 기록들이 신비롭게 보일지 모르지만, 악마에 관한 수수께끼가 곧 그 모습을 드러낼 것이야.",
savant,,천재,townsfolk,snv,매일 낮에 이야기꾼을 찾아가 두 가지 정보를 들을 수 있습니다. 하나는 진실이고 다른 하나는 거짓입니다.,,,,,,,"바닥에 성냥개비 72개... 오늘따라 해가 일찍 저무는데, 달은 여전히 제시간에 떴어... 찢어진 천 조각... 저택 안의 악... 3이 3번... 우리가 믿었던 자의 정체가 달라... 초록빛이면 마그네슘... 흔적은 보이나 패턴이 틀려... 바닥에 성냥개비 72개...",
seamstress,,재봉사,townsfolk,snv,"게임 중 한 번, 밤에 자신을 제외한 두 명의 참가자를 선택하여 그들이 같은 진영인지 알아낼 수 있습니다.","재봉사가 '아니오' 머리 신호를 보이거나, 다른 두 참가자를 가리킵니다. 재봉사가 참가자들을 선택했다면, 그들이 같은 진영인지에 대해 '예'로 끄덕이거나 '아니오'로 흔듭니다.","재봉사가 아직 능력을 사용하지 않았다면: 재봉사가 '아니오' 머리 신호를 보이거나, 다른 두 참가자를 가리킵니다. 재봉사가 참가자들을 선택했다면, 그들이 같은 진영인지에 대해 '예'로 끄덕이거나 '아니오'로 흔듭니다.",능력 없음,,,,캐시미어 코트를 입은 그 낯선 사람이 우리 귀여운 벨에게 마음을 품었다는 소문 들으셨나요? 그리고 벨이 승낙했다는것도요? 하지만 그건 축제에서 해리와 저글러 사이에서 일어난 일에 비하면 진짜 아무것도 아니에요! 제가 입이 가벼운 사람이었다면 말해줄 수 있었으렌데... 정말이에요.,
towncrier,,마을 포고꾼,townsfolk,snv,"매일 밤*, 그날 낮에 하수인이 누군가를 지명했는지 알 수 있습니다.",,하수인이 오늘 지명했는지에 대해 '예'로 끄덕이거나 '아니오'로 흔듭니다. '하수인 지명하지 않음' 표시를 놓습니다('하수인 지명함' 표시가 있다면 제거합니다).,"하수인 지명하지 않음, 하수인 지명함",,,,"호외요 호외! 미로에서 마법이 감지되었소! 현자께서 모든 비밀을 밝혀내셨다! 마을이 위험에 처했소! 호외요 호외!
",
barista,,바리스타,traveler,snv,"매일 밤, 새벽까지 1) 한 참가자가 술이 깨고 건강해지며 진실된 정보를 얻거나 2) 그들의 능력이 두 번 작동합니다. 그들은 어떤 것인지 알게 됩니다.","참가자를 선택하고, 깨워서 어떤 바리스타 능력이 그들에게 영향을 미치는지 알려줍니다. 그에 따라 처리합니다(술 깸/건강/진실된 정보 또는 능력 두 번 활성화).","참가자를 선택하고, 깨워서 어떤 바리스타 능력이 그들에게 영향을 미치는지 알려줍니다. 그에 따라 처리합니다(술 깸/건강/진실된 정보 또는 능력 두 번 활성화).","술 깨고 건강함,능력 두 번",,,,,
bonecollector,,뼈 수집가,traveler,snv,"게임 중 한 번, 밤에 죽은 참가자를 선택합니다: 그들은 새벽까지 능력을 되찾습니다.",,"뼈 수집가는 고개를 아니오라고 흔들거나 죽은 참가자를 가리킵니다. 죽은 참가자를 가리켰다면, 뼈 수집가의 '능력 있음' 리마인더를 선택된 참가자의 캐릭터 토큰 옆에 놓습니다. (그들은 오늘 밤 능력을 사용하기 위해 깨워질 필요가 있을 수 있습니다.)","능력 없음,능력 있음",,,,,
butcher,,도살자,traveler,snv,"매일, 첫 번째 처형 후에 당신은 다시 지명할 수 있습니다.",,,,,,,,
harlot,,매춘부,traveler,snv,"매일 밤*, 살아있는 참가자 한 명을 선택합니다: 그들이 동의하면, 당신은 그들의 캐릭터를 알게 되지만 둘 다 죽을 수 있습니다.",,"매춘부가 아무 참가자를 가리킵니다. 그 다음, 매춘부를 재웁니다. 선택된 참가자를 깨우고, '이 캐릭터가 당신을 선택했습니다' 토큰을 보여준 다음 매춘부 토큰을 보여줍니다. 그 참가자는 고개를 끄덕이거나 흔들어 예 또는 아니오를 표시합니다. 고개를 끄덕였다면, 매춘부를 깨우고 선택된 참가자의 캐릭터 토큰을 보여줍니다. 그 다음, 두 참가자 모두 죽을지 결정할 수 있습니다.",사망,,,,,
deviant,,일탈자,,snv,"오늘 당신이 재미있었다면, 추방으로 죽을 수 없습니다.",,,,,,,,
imp,,임프,demon,tb,"매일 밤*, 한 명을 선택해 사망시킵니다. 이 능력으로 자결할 경우, 하수인 중 한 명이 새로운 임프가 됩니다.",,임프가 참가자를 가리킵니다. 그 참가자는 죽습니다. 임프가 자신을 선택했다면: 살아있는 하수인 1명의 캐릭터를 여분의 임프 토큰으로 교체합니다. '당신은' 카드를 보여준 다음 임프 토큰을 보여줍니다.,사망,,,24,"우리는 정신을 날카롭게, 칼날은 그보다 더 날카롭게 만들어야 하오. 악이 우리 사이를 걸어다니며, 선량하고 순박한 우리를 파멸시키려 수단과 방법을 가리지 않고 있소. 우리의 아름다운 마을을 폐허로 만들려 하는 것이지. 그 누구도 믿지 마시오. 하지만, 꼭 누군가를 믿어야 한다면... 나를 믿으시오.",
poisoner,,독살범,minion,tb,"매일 밤, 참가자 한 명을 선택해서 그날 밤부터 다음 날 낮까지 중독 상태로 만듭니다.",독살범이 참가자를 가리킵니다. 그 참가자는 중독됩니다.,이전에 중독된 참가자는 더 이상 중독되지 않습니다. 독살범이 참가자를 가리킵니다. 그 참가자는 중독됩니다.,중독됨,,18,8,알파 화합물을 베타 화합물에 넣고... 너무 많이 넣지는 마!,
spy,,스파이,minion,tb,"매일 밤, 그리모어를 확인할 수 있습니다. 죽은 후에도 다른 사람의 능력에는 선한 진영, 마을 주민, 또는 외지인으로 간주될 수 있습니다.",스파이에게 필요한 만큼 그리모어를 보여줍니다.,스파이에게 필요한 만큼 그리모어를 보여줍니다.,,,19,14,"실력 있는 양조사라면 누구나 알지, 스파이가 둘로 보일 때의 혼합물보다 더 빨리 문제를 일으키는 술은 없다는 걸.",
scarletwoman,,진홍의 여인,minion,tb,악마가 죽을 때 생존자가 5명 이상이면 당신은 새로운 악마가 됩니다. (여행자는 생존자 수에서 제외),,진홍의 여인이 오늘 악마가 되었다면: '당신은' 카드를 보여준 다음 악마 토큰을 보여줍니다.,악마,,,20,"당신은 내게 자주빛 불꽃 의회의 비밀을 보여주셨죠. 우리는 타오르는 불길 속에서, 탐욕의 욕망 속에서, 그리고 야수와 같은 광기 속에서 하나가 되었으며, 난 영원토록 당신의 종이 되리라 맹세했습니다. 하지만 오늘 밤만큼은, 내 사랑, 제가 당신의 주인이 되어주겠습니다.",
baron,,남작,minion,tb,게임에 외지인 2명이 추가로 참여합니다. [외지인 +2],,,,,,,"이 마을이 완전 개판이 됐지 않나? 싼 외부 인력이라... 그게 말이지. 내 생각엔 다 광산에 처박아버려야 해. 고된 일 좀 한다고 죽을 사람 없잖아? 반대하는 놈들은 따귀나 한 대 때려줘. 어차피 결국엔 이득이 남으면 그만이지, 안 그래?",
butler,,집사,outsider,tb,"매일 밤, 자신을 제외한 참가자 한 명을 선택합니다. 다음 날 그 사람이 투표에 찬성할 때만 당신도 찬성할 수 있습니다.",집사가 참가자를 가리킵니다. 그 참가자를 '주인'으로 표시합니다.,집사가 참가자를 가리킵니다. 그 참가자를 '주인'으로 표시합니다.,주인,,38,56,"네, 주인님... 아니오, 주인님... 그렇습니다, 주인님.",
drunk,,주정뱅이,outsider,tb,"자신이 주정뱅이라는 사실을 모르며, 마을주민 중 하나라고 착각하고 있습니다.",,,,취함,,,나는 그저 *딸꾹* 좋은 사람들과 마실 뿐이라네. 뭐... 인정하지만 나는 *꺼억* 사람을 좋아하는 것 뿐이라구.,
recluse,,은둔자,outsider,tb,"죽은 후에도 다른 사람의 능력에는 악한 진영, 하수인, 또는 악마로 간주될 수 있습니다.",,,,,,,"야 이 망할 놈들아, 내 물건에 손대지 마! 그르르... 저 남쪽의 나쁜 놈들이 네 뒤를 쫓고 있어! 당장 꺼져! 난 이제 너희 같은 악마들이랑 싸울 힘도 없어. 어서 꺼지라고!",
saint,,성자,outsider,tb,낮에 투표로 처형되면 당신의 팀은 패배합니다.,,,,,,,"지혜가 평화를 낳고, 인내가 지혜를 낳으니. 두려워 말라, 두려움조차 사라질 그날이 올지니. 우리 함께 기도하세. 하나 된 우리의 염원이 우리 모두를 거룩한 존재로 이끌리라.",
washerwoman,,세탁부,townsfolk,tb,두 참가자 중 한 명이 특정 마을주민임을 알고 시작합니다.,"게임에 있는 마을 주민의 캐릭터 토큰을 보여줍니다. 두 명의 참가자를 가리키는데, 그 중 한 명이 그 캐릭터입니다.",,"마을 주민,틀림",,32,,"연미복에 묻은 게 피란 말씀이신가요? 아니죠, 이건 요리용 셰리 와인일 뿐이에요. 제가 참 덜렁거려서...",
librarian,,사서,townsfolk,tb,"두 참가자 중 한 명이 특정 외지인임을 알거나, 외지인이 없음을 알고 시작합니다.","게임에 있는 외지인의 캐릭터 토큰을 보여줍니다. 두 명의 참가자를 가리키는데, 그 중 한 명이 그 캐릭터입니다.",,"외지인,틀림",,33,,"물론이죠 부인, 정상적인 상황이라면 도서관 금고에서 악마의 고서를 대출하실 수 있습니다. 하지만, 부인께서는 회원이 아닌 것 같군요.",
investigator,,조사관,townsfolk,tb,두 참가자 중 한 명이 특정 하수인임을 알고 시작합니다.,"게임에 있는 하수인의 캐릭터 토큰을 보여줍니다. 두 명의 참가자를 가리키는데, 그 중 한 명이 그 캐릭터입니다.",,"하수인,틀림",,34,,"산책하기 좋은 밤이네요, 모로조프 씨. 아니, 이제는... 모로조프 남작님이라고 불러야 하나요?",
chef,,요리사,townsfolk,tb,서로 인접한 악한 참가자 쌍의 수를 알고 시작합니다.,"이웃한 악한 참가자 쌍의 수에 대한 손가락 신호(0, 1, 2, ...)를 보여줍니다.",,,,35,,오늘 저녁 예약 명단이 좀 이상하네. 메이웨더 부인이 허드슨 골목 그 불량배와 어울린 적은 한 번도 없었는데... 그런데 오늘 밤은 둘이서 자리를 잡았다고? 수상한걸.,
empath,,초민감자,townsfolk,tb,"매일 밤, 당신의 좌우에 있는 생존자들 중 악한 진영의 수를 알 수 있습니다.","초민감자의 살아있는 이웃 중 악한 이웃의 수에 대한 손가락 신호(0, 1, 2)를 보여줍니다.","악한 이웃의 수에 대한 손가락 신호(0, 1, 2)를 보여줍니다.",,,36,54,소름이 돋네요. 뭔가 이상해요. 그걸 느낄 수 있어요.,
fortuneteller,,점쟁이,townsfolk,tb,"매일 밤, 참가자 2명을 지목하면 그중에 악마가 있는지 알 수 있습니다. 단, 선한 진영 참가자 1명이 악마로 간주됩니다.","점쟁이가 두 명의 참가자를 가리킵니다. 그 참가자들 중 한 명이 악마인지에 대해 머리 신호를 줍니다(고개를 끄덕이면 예, 고개를 저으면 아니오).","점쟁이가 두 명의 참가자를 가리킵니다. 그 참가자들 중 한 명이 악마인지에 대해 머리 신호를 보여줍니다(고개를 끄덕이면 '예', 고개를 저으면 '아니오').",붉은청어,,37,55,당신한테서 엄청난 악의가 느껴져요! 아... 그건 그냥 향수 냄새일 수도 있겠네요. 전 엘더베리에 알레르기가 있거든요.,
monk,,수도사,townsfolk,tb,"매일 밤*, 자신을 제외한 참가자 한 명을 선택합니다. 그 참가자는 오늘 밤 악마로부터 안전합니다.",,이전에 보호받던 참가자는 더 이상 보호받지 않습니다. 수도사가 자신을 제외한 참가자를 가리킵니다. 그 참가자를 '보호됨'으로 표시합니다.,보호됨,,,13,"오늘 밤 불어오는 바람이 불길하고 죽음의 기운을 품고 있구려. 이리 오시오, 형제여. 이 거친 폭풍이 지나가기 전까지 수도원에서 몸을 피하시오. 내 목숨을 걸고 그대의 안전을 지키리다.",
ravenkeeper,,까마귀 사육사,townsfolk,tb,"밤에 죽으면, 깨어나서 참가자 한 명을 선택해서 그 참가자의 직업을 알아낼 수 있습니다.",,까마귀 사육사가 오늘 밤 죽었다면: 까마귀 사육사가 참가자를 가리킵니다. 그 참가자의 캐릭터 토큰을 보여줍니다.,,,,42,"내 새들이 복수하리라! 날아라! 날아라, 나의 사랑스럽고 충직한 아이들아! 저택으로, 시냇가로! 골목으로, 회관으로! 어서 날아가거라!",
undertaker,,장의사,townsfolk,tb,"매일 밤*, 그날 낮에 처형된 참가자의 직업을 알아낼 수 있습니다.",,오늘 참가자가 처형되었다면: 그 참가자의 캐릭터 토큰을 보여줍니다.,처형됨,,,53,"흠....여기 뭐가 있나? 왼쪽 부츠는 뒷굽이 닳았고, 신발 혀 밑에는 부싯돌 부스러기가 있군. 이건 군인이 신던 신발이야.",
mayor,,시장,townsfolk,tb,"생존자가 3명 남았을 때 처형이 발생하지 않으면 당신 팀이 승리합니다. 밤에 당신이 죽을 경우, 다른 참가자가 대신 죽을 수 있습니다.",,,,,,,"우리의 갈등은 접어두고, 이 무의미한 살육은 이제 그만둡시다. 어찌됐든 우리는 다 세금 내는 시민 아니겠습니까. 음... 대부분은요.",
slayer,,처단자,townsfolk,tb,"게임 중 한 번, 낮에 공개적으로 참가자 한 명을 선택할 수 있습니다. 선택된 참가자가 악마라면 즉시 사망합니다.",,,능력 없음,,,,죽어라,
soldier,,군인,townsfolk,tb,악마의 모든 능력은 당신에게 통하지 않습니다.,,,,,,,"다윗이 골리앗에게, 테세우스가 미노타우로스에게, 아르주나가 바가닷타에게 그랬듯이... 거절한다.",
virgin,,성결자,townsfolk,tb,"낮에 처형 후보로 처음 지명되었을 때, 당신을 지명한 사람이 마을주민이라면 그 사람은 즉시 처형됩니다.",,,능력 없음,,,,"진실로 나는 결백하도다. 스스로를 죄 없다 하는 자들이여, 몸을 던져 나를 대신하여 고통받을지어다. 진실로 너희의 독기 어린 말로는 내 명예를 결코 더럽힐 수 없으리라.",
beggar,,거지,traveler,tb,"투표하려면 투표 토큰을 사용해야 합니다. 죽은 참가자들은 그들의 토큰을 당신에게 줄 수 있습니다. 그렇게 하면, 당신은 그들의 진영을 알게 됩니다. 당신은 술에 취하지 않고 건강합니다.",,,,,,,,
bureaucrat,,관료,traveler,tb,"매일 밤, 참가자 한 명을 선택합니다(자신 제외): 내일 그의 투표는 3표로 계산됩니다.",관료가 참가자를 가리킵니다. 관료의 '3표' 리마인더를 선택된 참가자의 캐릭터 토큰 옆에 놓습니다.,관료가 참가자를 가리킵니다. 관료의 '3표' 리마인더를 선택된 참가자의 캐릭터 토큰 옆에 놓습니다.,3표,,,,,
gunslinger,,총잡이,traveler,tb,"매일, 첫 투표가 집계된 후 투표한 참가자 한 명을 선택할 수 있습니다: 그들은 죽습니다.",,,,,,,,
scapegoat,,희생양,traveler,tb,"당신의 진영의 참가자가 처형되면, 당신이 대신 처형될 수 있습니다.",,,,,,,,
thief,,도둑,traveler,tb,"매일 밤, 참가자 한 명을 선택합니다(자신 제외): 내일 그들의 투표는 마이너스로 계산됩니다.",도둑이 참가자를 가리킵니다. 도둑의 '마이너스 투표' 리마인더를 선택된 참가자의 캐릭터 토큰 옆에 놓습니다.,도둑이 참가자를 가리킵니다. 도둑의 '마이너스 투표' 리마인더를 선택된 참가자의 캐릭터 토큰 옆에 놓습니다.,마이너스 투표,,,,,
angel,,천사,fabled,,새로운 참가자의 죽음에 가장 책임이 있는 사람에게 나쁜 일이 일어날 수 있습니다.,,,"보호,나쁜 일",,,,,
buddhist,,묵언수행자,fabled,,"매일 첫 2분 동안, 경험 많은 참가자들은 말을 할 수 없습니다.",,,,,,,,
djinn,,지니,fabled,,지니의 특별한 규칙을 사용합니다. 모든 참가자가 그것이 무엇인지 알고 있습니다.,,,,,,,,
doomsayer,,종말론자,fabled,,"4명 이상의 참가자가 살아있다면, 각 살아있는 참가자는 공개적으로 (게임당 한 번) 자신의 진영의 참가자 한 명이 죽도록 선택할 수 있습니다.",,,,,,,,
duchess,,공작부인,fabled,,"매일, 3명의 참가자가 당신을 방문하기로 선택할 수 있습니다. 밤에*, 각 방문자는 방문자 중 몇 명이 악한지 알게 되지만, 1명은 거짓 정보를 얻습니다.",,,"방문자,거짓 정보",,,,,
fibbin,,피빈,fabled,,"게임 중 한 번, 1명의 선한 참가자가 거짓 정보를 얻을 수 있습니다.",,,사용됨,,,,,
fiddler,,바이올린 연주자,fabled,,"게임 중 한 번, 악마가 비밀리에 상대 진영의 참가자를 선택합니다: 모든 참가자는 이 두 참가자 중 누가 승리할지 선택합니다.",,,,,,,,
hellslibrarian,,지옥의 사서,fabled,,이야기꾼이 침묵을 요청했을 때 말하는 사람에게 나쁜 일이 일어날 수 있습니다.,,,나쁜 일,,,,,
revolutionary,,혁명가,fabled,,"이웃한 2명의 참가자가 같은 진영이라는 것이 알려져 있습니다. 게임 중 한 번, 그들 중 한 명이 거짓으로 간주됩니다.",,,거짓 간주?,,,,,
sentinel,,파수꾼,fabled,,게임에 1명의 외지인이 더 있거나 1명 적을 수 있습니다.,,,,,,,,
spiritofivory,,상아의 영혼,fabled,,1명을 초과하는 추가 악한 참가자가 있을 수 없습니다.,,,추가 악 없음,,,,,
stormcatcher,,폭풍잡이,fabled,,"선한 캐릭터 하나를 지명합니다. 게임에 있다면, 그들은 처형으로만 죽을 수 있지만, 악한 참가자들은 그가 누구인지 알게 됩니다.",,,안전함,,,,,
toymaker,,장난감 제작자,fabled,,악마는 공격하지 않기로 선택할 수 있으며 게임 중 최소 한 번은 이렇게 해야 합니다. 악한 참가자들은 정상적인 시작 정보를 얻습니다.,,,공격 없음,,,,,